rep,C,D,D_minus_C
0,-0.47675259958979105,-0.035579992988144564,0.4411726066016465
1,-0.47295885814847566,-0.10881893229903729,0.3641399258494384
2,-1.1679778604160354,-1.3194829213331822,-0.15150506091714688
3,-1.095482606012516,0.09982126317244595,1.195303869184962
4,-0.8093497452023206,0.011488655122544449,0.8208384003248651
5,-0.6200983758779248,-0.08970153404548377,0.5303968418324411
6,-0.9448481699569232,-0.2631885070688639,0.6816596628880593
7,-0.29408503748819714,-0.37381839945269163,-0.07973336196449449
8,-0.2802245031910119,-0.07604397146150606,0.20418053172950584
9,-0.8803606372480048,-1.3855972276216204,-0.5052365903736156
10,-0.9537081363833756,-0.38853364982821265,0.5651744865551629
11,-0.48747717682633207,-0.36475359354075404,0.12272358328557803
12,-0.49555213350431127,-0.30253454731767415,0.1930175861866371
13,-0.2649949745745286,-0.25090472424433474,0.014090250330193843
14,-0.3888299122276689,-0.11813263392607914,0.27069727830158974
15,-0.5382038596917657,0.027612180571672362,0.565816040263438
16,-0.45415299424191724,-0.049149579195201465,0.4050034150467158
17,-0.7605506588541754,0.16793454631640442,0.9284852051705799
18,-0.25665270081626446,-0.18704107516520813,0.06961162565105633
19,-0.1661132424809203,-0.15542873900941184,0.010684503471508455
20,-0.40282108916718296,0.02038917728944524,0.4232102664566282
21,-0.001216274381082801,-0.3417111906315705,-0.3404949162504877
22,-0.5232552427547946,-0.5493955248404583,-0.026140282085663658
23,-0.7426693152590484,-0.15314151182926844,0.58952780342978
24,-0.446330392236387,-0.054273911388742026,0.39205648084764494
25,-0.292295313731145,-0.0731542816082825,0.21914103212286248
26,-0.5418562040781996,-0.7021866852081936,-0.16033048112999404
27,-0.23680083189647974,-0.9646035278738334,-0.7278026959773537
28,-0.6507497899350987,-0.056974736934812954,0.5937750530002858
29,-0.9660555565711744,-0.5097917057971467,0.45626385077402765
30,-0.9105376087896361,-0.7453456107558845,0.16519199803375162
31,-0.3132122032979164,-0.07105857083433245,0.24215363246358393
32,-0.5357064927019176,-1.8104369688024518,-1.274730476100534
33,-0.4095524597028483,-0.15723357316257627,0.252318886540272
34,-0.5153642328961782,0.07537792814058304,0.5907421610367612
35,-0.5060510698154739,-1.1967713148248118,-0.6907202450093379
36,-0.337373806536117,-0.3052379579383091,0.03213584859780788
37,-0.28358243861525667,-0.2308906685765864,0.05269177003867026
38,-1.0254614811191622,-0.4155732891017197,0.6098881920174426
39,-0.2580648383486898,-0.34689632315784624,-0.08883148480915642
40,-0.6414611536853391,-0.22071471820474414,0.4207464354805949
41,-0.9199238749861536,0.05692045859905146,0.9768443335852051
42,-0.6930178532266313,-0.7497720689720512,-0.056754215745419834
43,-0.28704199754142323,-0.031313374237363426,0.2557286233040598
44,-0.5170875629560295,-0.36754391912676043,0.1495436438292691
45,-1.2574843084470957,-0.7247198480661506,0.532764460380945
46,-1.0570045921321802,-0.5746081391948049,0.4823964529373753
47,-0.39359940328806053,-1.4873760737847066,-1.093776670496646
48,-0.4839007108986438,-0.21222973312508164,0.27167097777356214
49,-0.40828479867830614,-0.09531890825496615,0.31296589042334
50,-0.5230472604974273,-0.03808030591871749,0.48496695457870986
51,-0.47099647364635167,-0.006204245444744252,0.4647922282016074
52,-0.7613860129875512,0.09009090395015575,0.8514769169377069
53,-0.504953925936387,-0.07655892636649442,0.4283949995698926
54,-0.433937266312916,-0.15250430802512352,0.28143295828779247
55,-0.7820676779592217,0.025825231225699883,0.8078929091849216
56,-0.5138072371136713,-0.3751668762522272,0.13864036086144405
57,-0.5288016955477371,-0.10946007425133648,0.4193416212964007
58,-0.4552504083456119,-0.07202313242542063,0.3832272759201913
59,-0.2232758714478018,0.11982998222452314,0.34310585367232493
60,-0.8644311937588733,0.08917205810210324,0.9536032518609766
61,-0.6138616627670809,-0.31265035916954914,0.30121130359753173
62,-0.9207864593606255,-0.5282841778340706,0.392502281526555
63,-0.6469476256977503,0.08626239334584211,0.7332100190435924
64,-0.6822366486055622,-0.7278661261289878,-0.04562947752342561
65,-0.5990963572367678,-0.0036478262695543097,0.5954485309672135
66,-0.2732132091659634,-0.17828180691415932,0.0949314022518041
67,-0.24633945141450136,-0.21807928082922962,0.02826017058527175
68,-0.2700238950620004,-0.09342084868368686,0.17660304637831356
69,-0.39954522635274853,-0.146137073988272,0.25340815236447656
70,-0.41339790651439806,-0.06868612591852688,0.34471178059587115
71,-0.2655097933873386,-0.9978171606077653,-0.7323073672204267
72,-0.6109522509914692,-1.2313976606526231,-0.6204454096611539
73,-0.8242180153433126,-0.32003291287030083,0.5041851024730117
74,-0.4203240273044479,0.06582618589677991,0.4861502132012278
75,-0.6991810419802181,-0.07444344815462,0.6247375938255981
76,-0.4653470353446768,-0.11351164379792592,0.3518353915467509
77,-0.47796871591734336,-0.05302001996659473,0.42494869595074863
78,-0.45705630792190793,-0.013494394107054395,0.44356191381485355
79,-0.6442314325269393,-0.2795101869180466,0.3647212456088927
80,-0.8406270087710682,-0.47632218566796036,0.36430482310310786
81,-0.5791883992019318,-0.8225090640465617,-0.24332066484462989
82,-0.3023217360163278,-0.41752668759195094,-0.11520495157562316
83,-0.37467627668908904,-0.1614493446578462,0.21322693203124285
84,-0.6825154632312457,-0.8003281568027474,-0.1178126935715017
85,-0.8696940779759037,-0.21232798391635826,0.6573660940595454
86,-0.4639351410428021,-0.8106809491978387,-0.34674580815503664
87,-0.6354528883310113,-0.0563803324893637,0.5790725558416476
88,-0.4179074937535724,-0.3646722653535592,0.05323522840001321
89,-0.6246246180722292,-0.3564586636000917,0.26816595447213754
90,-0.836758678607539,-1.319925600945762,-0.483166922338223
91,-0.32927683560880633,-0.23994401721329922,0.08933281839550711
92,-0.5958153216031187,-0.6943420399886362,-0.09852671838551752
93,-0.49625874737621756,-1.0638564552322447,-0.5675977078560271
94,-0.35990464285310547,-0.5708433352685577,-0.2109386924154522
95,-0.6354715816529007,-0.0994068419098973,0.5360647397430034
96,-0.3126705087355996,-0.09302658481089354,0.21964392392470605
97,-0.8181976323919918,-0.5162732087114643,0.3019244236805275
98,-0.7286804540381434,-0.2744911899034508,0.4541892641346926
99,-0.3392080047709124,-0.5445117257346364,-0.20530372096372396
