design,k,minutes,beta,se,n
D,-33,-165,0.26187182098413775,0.2582997678380696,66602
D,-30,-150,0.2162941614559881,0.21927912680681577,66602
D,-27,-135,0.19753479331199886,0.19590205612937736,66602
D,-24,-120,-0.028850340152320096,0.03250715002474166,66602
D,-21,-105,-0.16957695846664925,0.14311466254810695,66602
D,-18,-90,-0.25224961391886086,0.24867117161088662,66602
D,-15,-75,-0.29029750796732756,0.294977553156005,66602
D,-12,-60,-0.2669861450456209,0.2880639991155808,66602
D,-9,-45,-0.2641131221604785,0.2607568123471202,66602
D,-6,-30,-0.21165905172010374,0.19164523896513294,66602
D,-3,-15,-0.05306266087041761,0.08000191788083955,66602
D,0,0,-0.16845219797914976,0.21756298016512565,66602
D,3,15,-0.22692957682557485,0.22501570677414062,66602
D,6,30,-0.26400213126030597,0.2234690115873064,66602
D,9,45,-0.3042890490789857,0.2413392667590496,66602
D,12,60,-0.257971082500953,0.24363053469143303,66602
D,15,75,-0.30474741688643336,0.2483551515156187,66602
D,18,90,-0.2505205122730405,0.2637193427524129,66602
D,21,105,-0.2879486886479299,0.27709582505986163,66602
D,24,120,-0.23246414394031156,0.24709059358252095,66602
D,27,135,-0.24152703258463376,0.25233604434080464,66602
D,30,150,-0.2699821654233743,0.25117015037949747,66602
D,33,165,-0.2553091712139578,0.24505454257716383,66602
