W_min,shift_min,design,beta,se,n,n_events
60,-240,C,0.07290686388742504,0.053585911039504816,223374,56583
60,-240,D,0.003818896064510541,0.01392716414173162,222971,56583
60,-180,C,0.13178201199786738,0.04925992089512658,176626,48139
60,-180,D,-0.0327438212200163,0.02049821628934,176156,48139
60,-120,C,0.08560948118863412,0.06626015659167872,200448,48123
60,-120,D,-0.023229718944351913,0.03946282274524528,200065,48123
60,120,C,0.22525868939435323,0.07940401301154007,203568,48263
60,120,D,0.011878965670523411,0.014845615393048385,203182,48263
60,180,C,-0.04628145890308663,0.035658581171127544,219170,48212
60,180,D,-0.013330017334243945,0.029395854929125637,218936,48212
60,240,C,-0.07089515362332073,0.04417183860366031,236617,56533
60,240,D,-0.0087524246562678,0.011464871846901046,236314,56533
