mean_min,W_min,implied_arrival_beta,se,truth_ratio,chi2_between_windows,df
30.0,30,-0.14138047280661123,0.22927772300614976,0.4464519108142357,,
30.0,60,-0.06802942003949904,0.1942569138051018,0.6286576950659353,,
30.0,120,-0.2399811857019485,0.29490139633205914,0.7713011376199557,,
30.0,180,-0.38698764281137865,0.2781043956449329,0.7984041836239234,,
30.0,pooled,-0.17519781322165148,0.11956457591264803,,0.9543235474606316,3.0
60.0,30,-0.27360945073656506,0.4607987371700878,0.22583647489223957,,
60.0,60,-0.11900677470015435,0.34270266447746195,0.3704946324465077,,
60.0,120,-0.3718844159266691,0.4286961475118849,0.5577500018898346,,
60.0,180,-0.5677287486145722,0.3723802388806716,0.5931811839971771,,
60.0,pooled,-0.32537004769222544,0.1965819054979802,,0.8105802880842871,3.0
120.0,30,-0.7950829739008102,1.2662956110280823,0.08260005066589028,,
120.0,60,-0.37384489379257774,0.8951041624909047,0.14041603226587493,,
120.0,120,-0.639326506510679,0.9045260663703082,0.2757429555823367,,
120.0,180,-0.8641138230666028,0.9202321293914882,0.2716746351068912,,
120.0,pooled,-0.6466323017544213,0.4836584009438172,,0.16253764530983475,3.0
