mean_min,design,W_min,stock_slope,stock_icpt,stock_b-1.0,stock_b-1.0_sd,stock_b-0.5,stock_b-0.5_sd,stock_b+0.0,stock_b+0.0_sd,flow_slope,flow_icpt,flow_b-1.0,flow_b-1.0_sd,flow_b-0.5,flow_b-0.5_sd,flow_b+0.0,flow_b+0.0_sd,truth_slope,truth_icpt,truth_b-1.0,truth_b-1.0_sd,truth_b-0.5,truth_b-0.5_sd,truth_b+0.0,truth_b+0.0_sd,noise_attenuation,real_beta,real_se
30.0,C,30,0.4430167588974072,-0.19893550844687913,-0.6368603424091223,0.018015917213087103,-0.4306277377659112,0.011500037757037665,-0.19384358351171493,0.015170242584660076,0.9718111477424919,-0.36876514434165686,-1.336449887752405,0.021548623256645808,-0.8629235268763914,0.008917369584200042,-0.36463874000991275,0.026518848618219983,0.45058049266342265,-0.2091187771217045,-0.6592440560234532,,-0.4353194509767641,,-0.2086635633600305,,0.9832133572376702,-0.3829841699854643,0.0971696032289129
30.0,C,60,0.6174180150433582,-0.4417659586015968,-1.0528279808569732,0.03372813996918933,-0.7631869516992404,0.01730908061490098,-0.4354099658136146,0.01823971745327465,1.0019620164936693,-0.6084160643352604,-1.6045227469570387,0.04363308522763779,-1.1211077403258771,0.01995065659534925,-0.6025607304633694,0.024257873439654007,0.6342755216846074,-0.45988851739603964,-1.093852988287239,,-0.7776483798251602,,-0.4595774666026314,,0.973422422803774,-0.6154512921217906,0.149074402809681
30.0,C,120,0.768762417115836,-0.5118394534625315,-1.2745016039054806,0.03589298305589649,-0.9084211953662239,0.024017464164963937,-0.5057391867896444,0.015571713092548142,1.007403421515281,-0.6164477457958917,-1.6185121965167903,0.039218479404316046,-1.1308273981422978,0.027709915281424895,-0.611108775001509,0.01788490000582733,0.8013949800076245,-0.5341925371638573,-1.3354019114853268,,-0.93526123853998,,-0.5340069314777021,,0.9592803003439352,-0.6336194803523894,0.1698491121975166
30.0,C,180,0.767197603908175,-0.4494416959440006,-1.2114969317499382,0.024353199851802,-0.8433252341025638,0.026056806219305204,-0.4442993278417628,0.01162531743089538,1.0355410023138665,-0.4968946369820911,-1.5330853965405256,0.02436814545647905,-1.0133656236498885,0.021941463322770926,-0.497544394226659,0.01808278114313044,0.8451231194512991,-0.45920866657322346,-1.3037244456656816,,-0.8829849070165564,,-0.4586013262143818,,0.9077938897308623,-0.4999054336705503,0.2286643202558233
60.0,C,30,0.2101517977070223,-0.12725302276771502,-0.3372708527655522,0.004816492488303913,-0.23259685703959687,0.0041689080024789795,-0.12711905505852975,0.008825347637656324,0.9407281811522845,-0.3800555202382511,-1.3153195300729308,0.047579491286081445,-0.8613479534496046,0.017738028712004535,-0.3745913489206458,0.017305865097300244,0.22807709093399228,-0.12516283899354758,-0.3530731491912089,,-0.2395349459332059,,-0.1249960582572165,,0.9214068666275749,-0.3829841699854643,0.0971696032289129
60.0,C,60,0.3499731396740177,-0.3159173609540313,-0.6632709635750896,0.006417726326350267,-0.49614300489695945,0.005180854244659608,-0.3132978239010717,0.016954618956508186,0.9599632861190793,-0.6280140618039752,-1.5867835816253653,0.04642464240179951,-1.110383237458895,0.01823959205825273,-0.6268202955062857,0.023108865456019544,0.3809589680695281,-0.3090597547426833,-0.6899020360707202,,-0.4997726122604304,,-0.308943068001192,,0.9186636068642038,-0.6154512921217906,0.149074402809681
60.0,C,120,0.5455584235151694,-0.3922473461397464,-0.9352296584512322,0.0019704439723243748,-0.6701787803046995,0.014037691372592491,-0.3896712349360622,0.014797284243617726,0.9739201444082083,-0.6537860273919112,-1.6239146757928806,0.01841307183597504,-1.148329091610494,0.01398507107596657,-0.6499945313846721,0.019869850477507747,0.588930069164918,-0.3901411996851522,-0.978967242173337,,-0.6848142876210775,,-0.3900371730084191,,0.9263551855804407,-0.6336194803523894,0.1698491121975166
60.0,C,180,0.5781728496023858,-0.3782788146285833,-0.9561744208660135,0.022022726425612687,-0.6679197261596882,0.018048792699992464,-0.37800157126362727,0.022967375186062,0.9997835546094953,-0.5127783004709238,-1.515367260904504,0.021000126340339962,-1.0070592661275042,0.02657730993067773,-0.5155837062950078,0.03788793424274401,0.6474357715779512,-0.38289978899256344,-1.0296573388680972,,-0.7079741181863746,,-0.3822215672901458,,0.8930196244690719,-0.4999054336705503,0.2286643202558233
120.0,C,30,0.07740384910187921,-0.046988692715404345,-0.12550475259596294,0.00872427572670562,-0.0834661957089853,0.005968255020264059,-0.0481009034940837,0.005347786917855208,1.0020905569821394,-0.3895023505089978,-1.385531921557611,0.04233437245493588,-0.9026696008671212,0.013064845322172917,-0.3834413645754711,0.015463512243836134,0.0802145304997989,-0.045601984622586945,-0.1258211798960644,,-0.0856999203251293,,-0.0456066493962655,,0.9649604456897403,-0.3829841699854643,0.0971696032289129
120.0,C,60,0.13929764499593303,-0.14229067543848953,-0.2820844645974916,0.016774589510967292,-0.21094720961031807,0.014143447111839439,-0.14278681960155856,0.0069290670145516885,1.0138705808423638,-0.6268875279955018,-1.6460847367169482,0.05920174269714328,-1.1231695626585199,0.019174608410727163,-0.6322141558745838,0.050996216885339875,0.1470953251301769,-0.13808703062302372,-0.2852665556344993,,-0.2114662934255148,,-0.1381712305043224,,0.9469889330110046,-0.6154512921217906,0.149074402809681
120.0,C,120,0.2750433891944811,-0.18981830059241073,-0.4665039209724722,0.024328873600584663,-0.32405553281849075,0.018931146849526615,-0.19146053177799097,0.01757770128372675,1.0182674424382807,-0.6401334183503664,-1.6629025991326352,0.026757287870639978,-1.1402636628815321,0.05049862559548627,-0.6446351566943539,0.02912109369116337,0.2908027856931328,-0.18212035387097683,-0.473195045376881,,-0.326977935092001,,-0.182392259683748,,0.9458072712024099,-0.6336194803523894,0.1698491121975166
120.0,C,180,0.31195255503638664,-0.24273532933269293,-0.5610010090179439,0.0426274786948184,-0.38608535755315754,0.02735178154404301,-0.24904845398155728,0.015720905741893228,1.05415737466611,-0.5134152403666746,-1.5751895896968549,0.032113712850409745,-1.0252599783715899,0.02299965734691073,-0.5210322150307447,0.022027859188774694,0.3403570748889243,-0.2294398717121903,-0.5697558411990306,,-0.3997006199608208,,-0.2293987663101062,,0.9165449407455171,-0.4999054336705503,0.2286643202558233
30.0,D,30,0.4593655054834765,-0.0032738087054464265,-0.46502314318669463,0.022444162866398148,-0.22818890345164144,0.015409537549769264,-0.005657637703218067,0.031599000656890676,0.9301459220088366,-0.031819343769964085,-0.9595159325082258,0.027370877862131108,-0.5017909713155341,0.020642000585857696,-0.029370010499388494,0.07818987052728119,0.4464519108142357,-0.0007646995829526874,-0.4476492553607052,,-0.2231253650630372,,-0.0011973445464694,,1.0289249398567677,-0.0682191210617483,0.1053222771248205
30.0,D,60,0.6525907283465585,-0.004272003481962658,-0.656445865982452,0.045221160814358285,-0.33140109934738066,0.02458035116492703,-0.0038551376358933,0.025411414557657788,1.0052978128638872,-0.007308005994961881,-1.0143432922057765,0.03157143476750853,-0.5064819657330516,0.02020420071324622,-0.0090454793418889,0.04216481148761403,0.6286576950659353,-0.0003900056857999769,-0.62974792538221,,-0.3133184039578188,,-0.0010902303162745,,1.0380700554029059,-0.0486673722545333,0.126770260866426
30.0,D,120,0.7763430375240747,0.02546533983043798,-0.7545556904611823,0.06924790742631368,-0.35535019339650903,0.051897028567265996,0.02178734706289277,0.005924155123002552,0.999891813872588,0.041827111639650916,-0.9641455599072981,0.06650570659956695,-0.44595707994792116,0.06491496756557243,0.03574625396528994,0.01278004912023285,0.7713011376199557,0.010107192679622,-0.7618524108971096,,-0.3742264442168047,,0.0094487267228463,,1.0065368760114592,-0.1608423828260418,0.2289446457985218
30.0,D,180,0.8049767526446336,0.06513087759290048,-0.7540392506952851,0.11318645728907056,-0.30897074744231307,0.06091544638846119,0.050937501949348735,0.052099725033317806,1.0079599623560194,0.08363562173457327,-0.9376990174128185,0.13164995092720988,-0.3935950058606921,0.064867748510806,0.070260944943201,0.03487178975881731,0.7984041836239234,-0.002719404859287062,-0.8015479346701313,,-0.401072804297408,,-0.0031437510462076,,1.0082321324906862,-0.2463851784310045,0.2238675733024565
60.0,D,30,0.22856459583990665,-0.005681687536166446,-0.2404574038224979,0.03190424170245288,-0.10754174456327037,0.021405463254981837,-0.011892807982591166,0.012568071703640762,0.9900399686552968,0.02095845651053171,-0.9528910031955444,0.10280093475621732,-0.5064425457155587,0.06478862624302005,0.037148965459752666,0.03447018495491459,0.22583647489223957,0.00022092277297768977,-0.2261844272092286,,-0.1115595644932087,,-0.000347952316989,,1.0120800723132473,-0.0682191210617483,0.1053222771248205
60.0,D,60,0.36991326303143796,-0.004645187902352026,-0.37812879627574986,0.03694895751472533,-0.18246112873415163,0.038775513565903856,-0.008215533244311768,0.015317576113137235,0.9315578570420137,-0.0348052621263728,-0.9663535536010709,0.10132293188926704,-0.5006033217820111,0.04127557276736792,-0.034795696559057135,0.013992229067023574,0.3704946324465077,0.0011032549958598656,-0.3703749560086399,,-0.1821769041114101,,0.0001196764378679,,0.9984308290481004,-0.0486673722545333,0.126770260866426
60.0,D,120,0.5340487595405198,0.037762028192046555,-0.49396318669071143,0.03336103575045273,-0.23390944089373703,0.03557168111955925,0.04008557284980837,0.03684211271502602,0.9225658342060992,0.003601608248118019,-0.9062542990690345,0.06966397582684142,-0.4831011626328257,0.04141896857686546,0.01631153513706497,0.05697938064178238,0.5577500018898346,0.010315945609570816,-0.548577426704491,,-0.2662723144868927,,0.0091725751853439,,0.9575056167297042,-0.1608423828260418,0.2289446457985218
60.0,D,180,0.6011800571785828,0.09492202312302932,-0.5227567353284355,0.09311900451980987,-0.1726706029204983,0.0181416756083046,0.07842332185014737,0.037083784619773054,0.9788560678401345,0.08389964913966026,-0.9019376058196226,0.13545492323310543,-0.391566010542111,0.06622574653778691,0.07691846202051221,0.057570610185463625,0.5931811839971771,-0.000842621115751797,-0.5949865602923987,,-0.2955077027554008,,-0.0018053762952216,,1.013484704837576,-0.2463851784310045,0.2238675733024565
120.0,D,30,0.08317353089403134,-0.002089262768690936,-0.08923684338806832,0.023318886963099167,-0.035727928765014634,0.02391866515957001,-0.006063312494036933,0.01567126231212446,0.9453207667092847,-0.06006140797938536,-0.9913932664680064,0.06691811731874572,-0.5606996077753552,0.053889386566826576,-0.046072499758721665,0.11211101251251966,0.08260005066589028,0.0007100201048788556,-0.0821918761553238,,-0.0399863140394416,,0.0004081745105665,,1.0069428556461877,-0.0682191210617483,0.1053222771248205
120.0,D,60,0.1416262667281632,0.0042788843886961605,-0.143194695542561,0.04442004207749574,-0.054839622569197534,0.032898001399182676,-0.0015684288143978005,0.019219893619970656,0.9861155660581941,-0.0042606804965336685,-0.9879995881799707,0.07055726498595542,-0.5020717802751461,0.03079415412194166,-0.0018840221217760987,0.07827307854747516,0.14041603226587493,0.0016922196766277714,-0.1393973768338181,,-0.067168667967168,,0.0010186554320569,,1.008618919383769,-0.0486673722545333,0.126770260866426
120.0,D,120,0.25311005874848175,0.0009775867963377762,-0.2620190339932309,0.07816509267569083,-0.10580431849572934,0.05476849671299153,-0.0089089752447491,0.04351134687928462,0.9916352872846274,-0.040313754890027385,-1.0262052513131767,0.06974636785880227,-0.5476189802552974,0.08348051343751547,-0.034569964028549366,0.06496406286539931,0.2757429555823367,0.00908355007112301,-0.2679509743567619,,-0.126204790028949,,0.0077919812255748,,0.9179203081142837,-0.1608423828260418,0.2289446457985218
120.0,D,180,0.24327293750381324,-0.03616967035594171,-0.2722418909170862,0.13509009632040814,-0.1722075729931859,0.13450621017328376,-0.028968953413272935,0.09042399214910937,0.946730192786078,-0.11087561627838649,-1.045228223803052,0.024893519844135136,-0.6089958831942512,0.1284712495294636,-0.09849803101697363,0.10576147881897613,0.2716746351068912,0.001597958076295419,-0.271758215788753,,-0.1308762819608359,,-8.358068186174564e-05,,0.8954569402774637,-0.2463851784310045,0.2238675733024565
