beta_true,mean_min,seed,outcome,W_min,design,beta_hat,se,n
,,-1,real,30,C,-0.38298416998546436,0.09716960322891298,244362
,,-1,real,30,D,-0.0682191210617483,0.10532227712482059,243989
,,-1,real,30,sdJ_nonevent,0.3702861123813413,,181281
,,-1,real,60,C,-0.6154512921217906,0.14907440280968107,188760
,,-1,real,60,D,-0.048667372254533346,0.12677026086642604,188361
,,-1,real,60,sdJ_nonevent,0.5068114068577193,,127265
,,-1,real,120,C,-0.6336194803523894,0.16984911219751667,137317
,,-1,real,120,D,-0.16084238282604188,0.22894464579852186,136911
,,-1,real,120,sdJ_nonevent,0.6593499553487958,,85568
,,-1,real,180,C,-0.49990543367055035,0.2286643202558233,66929
,,-1,real,180,D,-0.2463851784310045,0.22386757330245652,66602
,,-1,real,180,sdJ_nonevent,0.682713881843879,,56294
0.0,120.0,0,stock,30,C,-0.049714914979011635,0.016225138483527846,244362
0.0,120.0,0,stock,30,D,0.0007582664507251223,0.011776014927343594,243989
0.0,120.0,0,stock,30,sdJ_nonevent,0.26329320282223384,,181281
0.0,120.0,0,stock,60,C,-0.13979808275741093,0.035864550899309844,188760
0.0,120.0,0,stock,60,D,0.005886504080082986,0.0170845472839135,188361
0.0,120.0,0,stock,60,sdJ_nonevent,0.42410952828995757,,127265
0.0,120.0,0,stock,120,C,-0.18713418611500168,0.0602352592647572,137317
0.0,120.0,0,stock,120,D,-0.03445835774797208,0.026288152612414423,136911
0.0,120.0,0,stock,120,sdJ_nonevent,0.6110624429924895,,85568
0.0,120.0,0,stock,180,C,-0.2620496152733293,0.12617989662874532,66929
0.0,120.0,0,stock,180,D,-0.0832182126326866,0.06739514532384618,66602
0.0,120.0,0,stock,180,sdJ_nonevent,0.6715978294161711,,56294
0.0,120.0,0,flow,30,C,-0.39708398401479555,0.08904901193245314,244362
0.0,120.0,0,flow,30,D,-0.15666994673117335,0.10880192939054172,243989
0.0,120.0,0,flow,30,sdJ_nonevent,1.8765655777808439,,181281
0.0,120.0,0,flow,60,C,-0.626820518556563,0.13629345765099324,188760
0.0,120.0,0,flow,60,D,-0.06263278218576264,0.08301016305868901,188361
0.0,120.0,0,flow,60,sdJ_nonevent,1.7139291900167968,,127265
0.0,120.0,0,flow,120,C,-0.6527929725443956,0.14999761106222773,137317
0.0,120.0,0,flow,120,D,-0.09437576413331196,0.07042771180361335,136911
0.0,120.0,0,flow,120,sdJ_nonevent,1.433996302383718,,85568
0.0,120.0,0,flow,180,C,-0.5177181692903579,0.22979592755868458,66929
0.0,120.0,0,flow,180,D,-0.18256713323538867,0.08923455656375043,66602
0.0,120.0,0,flow,180,sdJ_nonevent,1.2170768377837258,,56294
0.0,120.0,0,truth,30,C,-0.04560664939626558,0.01612795583041444,244362
0.0,120.0,0,truth,30,D,0.0004081745105665097,0.0005653237996799474,243989
0.0,120.0,0,truth,30,sdJ_nonevent,0.07545890001387977,,181281
0.0,120.0,0,truth,60,C,-0.13817123050432248,0.03668733378634511,188760
0.0,120.0,0,truth,60,D,0.001018655432056923,0.001199030720903415,188361
0.0,120.0,0,truth,60,sdJ_nonevent,0.14810235550694173,,127265
0.0,120.0,0,truth,120,C,-0.18239225968374806,0.06147461375972936,137317
0.0,120.0,0,truth,120,D,0.007791981225574874,0.0026549488640640667,136911
0.0,120.0,0,truth,120,sdJ_nonevent,0.261651026124552,,85568
0.0,120.0,0,truth,180,C,-0.22939876631010628,0.12890567004733725,66929
0.0,120.0,0,truth,180,D,-8.358068186174564e-05,0.0026496453045284276,66602
0.0,120.0,0,truth,180,sdJ_nonevent,0.324633182907534,,56294
-0.5,120.0,0,stock,30,C,-0.087043325747354,0.01907902440569844,244362
-0.5,120.0,0,stock,30,D,-0.048166861248546265,0.013295988261114736,243989
-0.5,120.0,0,stock,30,sdJ_nonevent,0.2611205828887812,,181281
-0.5,120.0,0,stock,60,C,-0.21532549077930424,0.03981043971635199,188760
-0.5,120.0,0,stock,60,D,-0.06983269881007426,0.023424596330752414,188361
-0.5,120.0,0,stock,60,sdJ_nonevent,0.42461586788190575,,127265
-0.5,120.0,0,stock,120,C,-0.33228550739174173,0.06452508608477266,137317
-0.5,120.0,0,stock,120,D,-0.14553325919676482,0.026324203022656045,136911
-0.5,120.0,0,stock,120,sdJ_nonevent,0.6101185504081238,,85568
-0.5,120.0,0,stock,180,C,-0.40267707513227485,0.13402198472506086,66929
-0.5,120.0,0,stock,180,D,-0.24650990205723847,0.06697826014490185,66602
-0.5,120.0,0,stock,180,sdJ_nonevent,0.6655481083470274,,56294
-0.5,120.0,0,flow,30,C,-0.8882659893178028,0.10022709457216808,244362
-0.5,120.0,0,flow,30,D,-0.5120774796842423,0.08083748738737284,243989
-0.5,120.0,0,flow,30,sdJ_nonevent,1.8644800193336457,,181281
-0.5,120.0,0,flow,60,C,-1.1423864398032548,0.14216677159858668,188760
-0.5,120.0,0,flow,60,D,-0.5238078066628923,0.0792141648545766,188361
-0.5,120.0,0,flow,60,sdJ_nonevent,1.718745745220732,,127265
-0.5,120.0,0,flow,120,C,-1.1421549647308902,0.15871013405208156,137317
-0.5,120.0,0,flow,120,D,-0.5634579912585422,0.0641020050077282,136911
-0.5,120.0,0,flow,120,sdJ_nonevent,1.4416322883739863,,85568
-0.5,120.0,0,flow,180,C,-1.0463785820577793,0.246043070948111,66929
-0.5,120.0,0,flow,180,D,-0.7384028097935805,0.10013380005143191,66602
-0.5,120.0,0,flow,180,sdJ_nonevent,1.197106581167875,,56294
-0.5,120.0,0,truth,30,C,-0.08569992032512934,0.01788164808464646,244362
-0.5,120.0,0,truth,30,D,-0.039986314039441695,0.0033186907593799183,243989
-0.5,120.0,0,truth,30,sdJ_nonevent,0.07780090168989398,,181281
-0.5,120.0,0,truth,60,C,-0.2114662934255148,0.038733057822261115,188760
-0.5,120.0,0,truth,60,D,-0.06716866796716808,0.008245638872861331,188361
-0.5,120.0,0,truth,60,sdJ_nonevent,0.152146213089698,,127265
-0.5,120.0,0,truth,120,C,-0.32697793509200107,0.06287867657012476,137317
-0.5,120.0,0,truth,120,D,-0.12620479002894905,0.016517522146786912,136911
-0.5,120.0,0,truth,120,sdJ_nonevent,0.26774554189575966,,85568
-0.5,120.0,0,truth,180,C,-0.39970061996082085,0.1316932568102383,66929
-0.5,120.0,0,truth,180,D,-0.13087628196083595,0.017260815618573767,66602
-0.5,120.0,0,truth,180,sdJ_nonevent,0.3281830330953154,,56294
-1.0,120.0,0,stock,30,C,-0.11726145326391033,0.02133482602637973,244362
-1.0,120.0,0,stock,30,D,-0.10177308550976938,0.018121609589253605,243989
-1.0,120.0,0,stock,30,sdJ_nonevent,0.2623957854594773,,181281
-1.0,120.0,0,stock,60,C,-0.26923662630137385,0.04155800683376986,188760
-1.0,120.0,0,stock,60,D,-0.1705894838017171,0.0321689816789137,188361
-1.0,120.0,0,stock,60,sdJ_nonevent,0.4224159367100432,,127265
-1.0,120.0,0,stock,120,C,-0.45151379412350634,0.06818410747247249,137317
-1.0,120.0,0,stock,120,D,-0.3266594799003621,0.061646629307596346,136911
-1.0,120.0,0,stock,120,sdJ_nonevent,0.6098402814881055,,85568
-1.0,120.0,0,stock,180,C,-0.5492692010569398,0.1363181378797477,66929
-1.0,120.0,0,stock,180,D,-0.3489498933458439,0.06377555948796049,66602
-1.0,120.0,0,stock,180,sdJ_nonevent,0.658056448832324,,56294
-1.0,120.0,0,flow,30,C,-1.4098411810680018,0.10296814720433994,244362
-1.0,120.0,0,flow,30,D,-1.0678443571085108,0.07009976556272847,243989
-1.0,120.0,0,flow,30,sdJ_nonevent,1.8697391830488297,,181281
-1.0,120.0,0,flow,60,C,-1.6784738681701377,0.15333018993701777,188760
-1.0,120.0,0,flow,60,D,-1.0316561146469165,0.07341558816253162,188361
-1.0,120.0,0,flow,60,sdJ_nonevent,1.721401051261069,,127265
-1.0,120.0,0,flow,120,C,-1.6820615216943389,0.16479093939787062,137317
-1.0,120.0,0,flow,120,D,-1.1045393796684453,0.05858353279059871,136911
-1.0,120.0,0,flow,120,sdJ_nonevent,1.4366628649995261,,85568
-1.0,120.0,0,flow,180,C,-1.5698723341101946,0.2466842892304559,66929
-1.0,120.0,0,flow,180,D,-1.053654209025265,0.061730977768188276,66602
-1.0,120.0,0,flow,180,sdJ_nonevent,1.1859557511561136,,56294
-1.0,120.0,0,truth,30,C,-0.12582117989606448,0.020025756887379082,244362
-1.0,120.0,0,truth,30,D,-0.0821918761553238,0.006624568276758561,243989
-1.0,120.0,0,truth,30,sdJ_nonevent,0.08163059381858583,,181281
-1.0,120.0,0,truth,60,C,-0.2852665556344993,0.041584314974584737,188760
-1.0,120.0,0,truth,60,D,-0.13939737683381812,0.01652487351880787,188361
-1.0,120.0,0,truth,60,sdJ_nonevent,0.15775931924614064,,127265
-1.0,120.0,0,truth,120,C,-0.473195045376881,0.06558257461916658,137317
-1.0,120.0,0,truth,120,D,-0.2679509743567619,0.034149138444394815,136911
-1.0,120.0,0,truth,120,sdJ_nonevent,0.2749577788513167,,85568
-1.0,120.0,0,truth,180,C,-0.5697558411990306,0.13537174455822232,66929
-1.0,120.0,0,truth,180,D,-0.271758215788753,0.033991742806583965,66602
-1.0,120.0,0,truth,180,sdJ_nonevent,0.3328683550084147,,56294
0.0,120.0,1,stock,30,C,-0.05245578210848738,0.016734319474309787,244362
0.0,120.0,1,stock,30,D,-0.023989197831781644,0.010461194297012382,243989
0.0,120.0,1,stock,30,sdJ_nonevent,0.25976963505411027,,181281
0.0,120.0,1,stock,60,C,-0.1507086726599014,0.03726263688371728,188760
0.0,120.0,1,stock,60,D,-0.02339899699634328,0.01571292995322568,188361
0.0,120.0,1,stock,60,sdJ_nonevent,0.4211477855112471,,127265
0.0,120.0,1,stock,120,C,-0.21079745295756563,0.061407430379291486,137317
0.0,120.0,1,stock,120,D,-0.03359972270039747,0.02041243952749931,136911
0.0,120.0,1,stock,120,sdJ_nonevent,0.6086644298088086,,85568
0.0,120.0,1,stock,180,C,-0.2535193924257739,0.12473335728630967,66929
0.0,120.0,1,stock,180,D,-0.07910532147891874,0.07004684055972671,66602
0.0,120.0,1,stock,180,sdJ_nonevent,0.672557462063252,,56294
0.0,120.0,1,flow,30,C,-0.366643612000733,0.10040818213407078,244362
0.0,120.0,1,flow,30,D,-0.049040685139915295,0.07531156507480417,243989
0.0,120.0,1,flow,30,sdJ_nonevent,1.8594934319612928,,181281
0.0,120.0,1,flow,60,C,-0.5841291308886668,0.14586896751761466,188760
0.0,120.0,1,flow,60,D,0.08644608185803243,0.06754553558357938,188361
0.0,120.0,1,flow,60,sdJ_nonevent,1.708230076278908,,127265
0.0,120.0,1,flow,120,C,-0.6123051314783811,0.16401026148546308,137317
0.0,120.0,1,flow,120,D,-0.04388159150553466,0.05354886187710356,136911
0.0,120.0,1,flow,120,sdJ_nonevent,1.4318912077407044,,85568
0.0,120.0,1,flow,180,C,-0.5008491507659597,0.24039717994203458,66929
0.0,120.0,1,flow,180,D,0.02024883944915994,0.09767480508798596,66602
0.0,120.0,1,flow,180,sdJ_nonevent,1.2134053091584127,,56294
-0.5,120.0,1,stock,30,C,-0.08677892204624763,0.020337618730097182,244362
-0.5,120.0,1,stock,30,D,-0.050863959755068036,0.01187182893838184,243989
-0.5,120.0,1,stock,30,sdJ_nonevent,0.26241774762521075,,181281
-0.5,120.0,1,stock,60,C,-0.22238378319827767,0.041068319502182635,188760
-0.5,120.0,1,stock,60,D,-0.07757029478459852,0.021257985398452257,188361
-0.5,120.0,1,stock,60,sdJ_nonevent,0.42637959589080887,,127265
-0.5,120.0,1,stock,120,C,-0.33747875980616004,0.06370407896957017,137317
-0.5,120.0,1,stock,120,D,-0.128552014075626,0.03964377593072825,136911
-0.5,120.0,1,stock,120,sdJ_nonevent,0.6155889254491965,,85568
-0.5,120.0,1,stock,180,C,-0.4010630059007744,0.12332233856362702,66929
-0.5,120.0,1,stock,180,D,-0.2531720022535227,0.059088015796822456,66602
-0.5,120.0,1,stock,180,sdJ_nonevent,0.6703866111483521,,56294
-0.5,120.0,1,flow,30,C,-0.9137562700942791,0.10696510616726934,244362
-0.5,120.0,1,flow,30,D,-0.6186407547745326,0.08752916370489366,243989
-0.5,120.0,1,flow,30,sdJ_nonevent,1.8719079039691253,,181281
-0.5,120.0,1,flow,60,C,-1.1230847437923277,0.15360155327894148,188760
-0.5,120.0,1,flow,60,D,-0.46683290752032824,0.07090849414738942,188361
-0.5,120.0,1,flow,60,sdJ_nonevent,1.7216374529703178,,127265
-0.5,120.0,1,flow,120,C,-1.189790067789948,0.16083473267377896,137317
-0.5,120.0,1,flow,120,D,-0.6220453333114709,0.05030707257740274,136911
-0.5,120.0,1,flow,120,sdJ_nonevent,1.455076499658169,,85568
-0.5,120.0,1,flow,180,C,-1.0286465602163284,0.24222027539043242,66929
-0.5,120.0,1,flow,180,D,-0.6071036248404286,0.083140899600472,66602
-0.5,120.0,1,flow,180,sdJ_nonevent,1.209061480986233,,56294
-1.0,120.0,1,stock,30,C,-0.13464128003190753,0.02019509999731912,244362
-1.0,120.0,1,stock,30,D,-0.10360612682239038,0.016466862985886812,243989
-1.0,120.0,1,stock,30,sdJ_nonevent,0.26166408255137247,,181281
-1.0,120.0,1,stock,60,C,-0.30106173555289906,0.0409906793788377,188760
-1.0,120.0,1,stock,60,D,-0.16705105382660335,0.03346469920662888,188361
-1.0,120.0,1,stock,60,sdJ_nonevent,0.42494125496283597,,127265
-1.0,120.0,1,stock,120,C,-0.4945748480109607,0.06403934235465382,137317
-1.0,120.0,1,stock,120,D,-0.284251457883744,0.05087160037201359,136911
-1.0,120.0,1,stock,120,sdJ_nonevent,0.6194704979006322,,85568
-1.0,120.0,1,stock,180,C,-0.6082658918669132,0.1240456699024813,66929
-1.0,120.0,1,stock,180,D,-0.35151546256043253,0.062293310118979345,66602
-1.0,120.0,1,stock,180,sdJ_nonevent,0.670216412196758,,56294
-1.0,120.0,1,flow,30,C,-1.3366486378971116,0.10614795711409133,244362
-1.0,120.0,1,flow,30,D,-0.943448797318777,0.08356958125061995,243989
-1.0,120.0,1,flow,30,sdJ_nonevent,1.8694427419033075,,181281
-1.0,120.0,1,flow,60,C,-1.5777552070874241,0.1545878716244265,188760
-1.0,120.0,1,flow,60,D,-0.9065986095901454,0.07190620942158583,188361
-1.0,120.0,1,flow,60,sdJ_nonevent,1.7135618350531763,,127265
-1.0,120.0,1,flow,120,C,-1.6323313723496091,0.16757468159918884,137317
-1.0,120.0,1,flow,120,D,-1.0032363067983483,0.05636086395082964,136911
-1.0,120.0,1,flow,120,sdJ_nonevent,1.440892092219484,,85568
-1.0,120.0,1,flow,180,C,-1.6096300621158226,0.23887283686928862,66929
-1.0,120.0,1,flow,180,D,-1.0648152187971236,0.06753059272084341,66602
-1.0,120.0,1,flow,180,sdJ_nonevent,1.204788802716376,,56294
0.0,120.0,2,stock,30,C,-0.04213201339475226,0.015339272470144265,244362
0.0,120.0,2,stock,30,D,0.005040993898945734,0.011039642837163646,243989
0.0,120.0,2,stock,30,sdJ_nonevent,0.2643389198755248,,181281
0.0,120.0,2,stock,60,C,-0.13785370338736347,0.03537548298521776,188760
0.0,120.0,2,stock,60,D,0.012807206473066922,0.017655431013745126,188361
0.0,120.0,2,stock,60,sdJ_nonevent,0.42717654121533166,,127265
0.0,120.0,2,stock,120,C,-0.17644995626140575,0.05798534761419997,137317
0.0,120.0,2,stock,120,D,0.0413311547141221,0.024538724884920628,136911
0.0,120.0,2,stock,120,sdJ_nonevent,0.6132324238658892,,85568
0.0,120.0,2,stock,180,C,-0.23157635424556863,0.1195178110579475,66929
0.0,120.0,2,stock,180,D,0.07541667387178652,0.050550942370222486,66602
0.0,120.0,2,stock,180,sdJ_nonevent,0.6695524386584154,,56294
0.0,120.0,2,flow,30,C,-0.38659649771088495,0.1014259506853906,244362
0.0,120.0,2,flow,30,D,0.06749313259492352,0.07603264576360301,243989
0.0,120.0,2,flow,30,sdJ_nonevent,1.8727007876811554,,181281
0.0,120.0,2,flow,60,C,-0.6856928181785218,0.1459213329809714,188760
0.0,120.0,2,flow,60,D,-0.02946536603759815,0.07458159079953715,188361
0.0,120.0,2,flow,60,sdJ_nonevent,1.7155153936283172,,127265
0.0,120.0,2,flow,120,C,-0.6688073660602848,0.15573804188579235,137317
0.0,120.0,2,flow,120,D,0.03454746355319846,0.05890820398306503,136911
0.0,120.0,2,flow,120,sdJ_nonevent,1.4434876479744458,,85568
0.0,120.0,2,flow,180,C,-0.5445293250359167,0.22630804839522306,66929
0.0,120.0,2,flow,180,D,-0.1331757992646922,0.07783962799713251,66602
0.0,120.0,2,flow,180,sdJ_nonevent,1.2059980432784105,,56294
-0.5,120.0,2,stock,30,C,-0.07657633933335438,0.018530967755887348,244362
-0.5,120.0,2,stock,30,D,-0.008152965291429722,0.013478409041377148,243989
-0.5,120.0,2,stock,30,sdJ_nonevent,0.2630215278092352,,181281
-0.5,120.0,2,stock,60,C,-0.1951323548533724,0.03974146862954163,188760
-0.5,120.0,2,stock,60,D,-0.017115874112919916,0.021523122093301397,188361
-0.5,120.0,2,stock,60,sdJ_nonevent,0.4264447253867563,,127265
-0.5,120.0,2,stock,120,C,-0.3024023312575706,0.06359181569513138,137317
-0.5,120.0,2,stock,120,D,-0.04332768221479724,0.046840508089963186,136911
-0.5,120.0,2,stock,120,sdJ_nonevent,0.6165496484592727,,85568
-0.5,120.0,2,stock,180,C,-0.35451599162642344,0.12982551679856305,66929
-0.5,120.0,2,stock,180,D,-0.01694081466879659,0.06010824600465396,66602
-0.5,120.0,2,stock,180,sdJ_nonevent,0.6683804550950552,,56294
-0.5,120.0,2,flow,30,C,-0.9059865431892814,0.11061734103029651,244362
-0.5,120.0,2,flow,30,D,-0.5513805888672907,0.07136180251509208,243989
-0.5,120.0,2,flow,30,sdJ_nonevent,1.8755828526631888,,181281
-0.5,120.0,2,flow,60,C,-1.104037504379977,0.15513543847554864,188760
-0.5,120.0,2,flow,60,D,-0.515574626642218,0.0602636790922834,188361
-0.5,120.0,2,flow,60,sdJ_nonevent,1.7182681234036166,,127265
-0.5,120.0,2,flow,120,C,-1.088845956123758,0.16929063659374155,137317
-0.5,120.0,2,flow,120,D,-0.4573536161958793,0.05547012891325413,136911
-0.5,120.0,2,flow,120,sdJ_nonevent,1.4470303781826104,,85568
-0.5,120.0,2,flow,180,C,-1.0007547928406624,0.25868310599958627,66929
-0.5,120.0,2,flow,180,D,-0.48148121494874474,0.06879576814745741,66602
-0.5,120.0,2,flow,180,sdJ_nonevent,1.2002296116999251,,56294
-1.0,120.0,2,stock,30,C,-0.12461152449207108,0.019519346596382766,244362
-1.0,120.0,2,stock,30,D,-0.062331317832045416,0.009098235303297095,243989
-1.0,120.0,2,stock,30,sdJ_nonevent,0.263506726698858,,181281
-1.0,120.0,2,stock,60,C,-0.2759550319382019,0.04207686817057739,188760
-1.0,120.0,2,stock,60,D,-0.09194354899936265,0.019753428971564756,188361
-1.0,120.0,2,stock,60,sdJ_nonevent,0.4270686855060405,,127265
-1.0,120.0,2,stock,120,C,-0.4534231207829495,0.06412781429119589,137317
-1.0,120.0,2,stock,120,D,-0.1751461641955866,0.03531314033850087,136911
-1.0,120.0,2,stock,120,sdJ_nonevent,0.6182607893367854,,85568
-1.0,120.0,2,stock,180,C,-0.5254679341299789,0.1342347864039514,66929
-1.0,120.0,2,stock,180,D,-0.11626031684498239,0.07697901932344844,66602
-1.0,120.0,2,stock,180,sdJ_nonevent,0.6771932897745905,,56294
-1.0,120.0,2,flow,30,C,-1.4101059457077192,0.0977215726235962,244362
-1.0,120.0,2,flow,30,D,-0.9628866449767317,0.05465277787565373,243989
-1.0,120.0,2,flow,30,sdJ_nonevent,1.8694415076500523,,181281
-1.0,120.0,2,flow,60,C,-1.6820251348932833,0.15373077005201116,188760
-1.0,120.0,2,flow,60,D,-1.0257440403028502,0.057141282149647615,188361
-1.0,120.0,2,flow,60,sdJ_nonevent,1.7233257819811652,,127265
-1.0,120.0,2,flow,120,C,-1.6743149033539582,0.17098698949187316,137317
-1.0,120.0,2,flow,120,D,-0.9708400674727364,0.048198765131454,136911
-1.0,120.0,2,flow,120,sdJ_nonevent,1.4413802750813298,,85568
-1.0,120.0,2,flow,180,C,-1.5460663728645474,0.2426429974878172,66929
-1.0,120.0,2,flow,180,D,-1.0172152435867672,0.05851647664189483,66602
-1.0,120.0,2,flow,180,sdJ_nonevent,1.2048536211878207,,56294
