est,design,W_min,donut_min,outcome,exposures,beta,se,n,n_events,delta1,delta2,delta3,delta1_se,delta2_se,delta3_se
PPML,A,30,0,duration,False,-0.15997674371459286,0.05570278164509582,615226,69203,,,,,,
PPML,A,30,0,duration,True,-0.16554677114228508,0.056281024581058624,615226,69203,0.15205866007596514,0.05507437237290362,0.09636548239268986,0.14899947598915034,0.1338638672284442,0.3792970528845122
OLS_log_eps0.01,A,30,0,duration,False,-0.1357071018210432,0.04236232479997428,620847,69203,,,,,,
PPML,B,30,0,duration,False,-0.10907353491915216,0.10846704493636787,614877,69203,,,,,,
PPML,B,30,0,duration,True,-0.11087018746047175,0.10696587320881983,614877,69203,0.0892914333249179,-0.07447649275511187,-0.07528357168704161,0.11292264985353703,0.13754177705354914,0.33131780606269634
OLS_log_eps0.01,B,30,0,duration,False,-0.14960904095347136,0.0905142381632887,620847,69203,,,,,,
PPML,C,30,0,duration,False,-0.38298416998546436,0.09716960322891298,244362,69203,,,,,,
PPML,C,30,0,duration,True,-0.3890186654076048,0.09687057985358175,244362,69203,0.026964209753359433,-0.14789300424779844,-0.46852360313379515,0.14177116281421137,0.11144626863324865,0.5050881623264278
OLS_log_eps0.01,C,30,0,duration,False,-0.3828977611115577,0.07961475460045894,250484,69203,,,,,,
PPML,D,30,0,duration,False,-0.0682191210617483,0.10532227712482059,243989,69203,,,,,,
PPML,D,30,0,duration,True,-0.07209946531990179,0.10285804378805712,243989,69203,0.16004721503209698,-0.025883687026674918,-0.15068414340742814,0.18833553629119823,0.14517551083089053,0.4491119614351
OLS_log_eps0.01,D,30,0,duration,False,-0.09906066117242665,0.09030296651324993,250484,69203,,,,,,
PPML,A,30,10,duration,False,-0.23803443538057117,0.082723841054187,591379,68733,,,,,,
PPML,A,30,10,duration,True,-0.24985041588567342,0.08308586811511737,591379,68733,0.2795731800858976,0.15337225458614578,0.2203305911363057,0.22340985733945048,0.2384799428527838,0.5812330150388358
OLS_log_eps0.01,A,30,10,duration,False,-0.1818747473295098,0.05945734299021697,596740,68733,,,,,,
PPML,B,30,10,duration,False,-0.09270502020769146,0.12044729683421018,591007,68733,,,,,,
PPML,B,30,10,duration,True,-0.09688612617928505,0.11811081100500607,591007,68733,0.10298152128160319,-0.1128313941355924,-0.1772388336838905,0.10727374307187029,0.17548553013698776,0.3714286940596272
OLS_log_eps0.01,B,30,10,duration,False,-0.09672397280389973,0.09980212543475735,596740,68733,,,,,,
PPML,C,30,10,duration,False,-0.6074418631440506,0.14428824163938486,221099,68733,,,,,,
PPML,C,30,10,duration,True,-0.6166182935849173,0.14405884119180212,221099,68733,0.079286341971095,-0.0924243021329249,-0.6138209081840151,0.198071788249377,0.17700356945475682,0.8058120144278492
OLS_log_eps0.01,C,30,10,duration,False,-0.5935516218458947,0.11882054122844951,226961,68733,,,,,,
PPML,D,30,10,duration,False,-0.05272461670154058,0.12388147055007193,220704,68733,,,,,,
PPML,D,30,10,duration,True,-0.06180969128090197,0.11962229572549683,220704,68733,0.21948724171533537,-0.05299340329425437,-0.37809789533660765,0.20051328704318397,0.19347336673003668,0.552072382236551
OLS_log_eps0.01,D,30,10,duration,False,-0.06702340332781158,0.10208731120526543,226961,68733,,,,,,
PPML,A,60,0,duration,False,-0.23537662740590978,0.08583104169897801,557947,67272,,,,,,
PPML,A,60,0,duration,True,-0.2534049351767196,0.08554751462556322,557947,67272,0.42473892807394426,0.24256465955335055,0.29181784670412236,0.2820080101108137,0.2484193668464637,0.6765596529044913
OLS_log_eps0.01,A,60,0,duration,False,-0.18588632507795844,0.061864202030885974,563175,67272,,,,,,
PPML,B,60,0,duration,False,-0.09028193406822903,0.1239766199382636,557559,67272,,,,,,
PPML,B,60,0,duration,True,-0.09463807181288075,0.12150258879958664,557559,67272,0.0853766312273247,-0.07005323484549886,-0.17208622924444592,0.09916947651597462,0.17703067147160279,0.4450271723521954
OLS_log_eps0.01,B,60,0,duration,False,-0.09460834430543384,0.10171967057409359,563175,67272,,,,,,
PPML,C,60,0,duration,False,-0.6154512921217906,0.14907440280968107,188760,67272,,,,,,
PPML,C,60,0,duration,True,-0.6268086215402997,0.14849350508196005,188760,67272,0.16595764436288887,-0.12382280564634891,-0.7089046423274462,0.25383334795790474,0.21122710239110815,0.8879507721066622
OLS_log_eps0.01,C,60,0,duration,False,-0.5788537821432874,0.12255420303777423,194537,67272,,,,,,
PPML,D,60,0,duration,False,-0.048667372254533346,0.12677026086642604,188361,67272,,,,,,
PPML,D,60,0,duration,True,-0.05749990160064089,0.12201138074411358,188361,67272,0.15125004359010324,-0.03784034609489571,-0.36740583317238107,0.20875414121093333,0.20708743623719597,0.642874965904112
OLS_log_eps0.01,D,60,0,duration,False,-0.06878957323690182,0.11167971305809589,194537,67272,,,,,,
PPML,A,60,10,duration,False,-0.2535999944834393,0.10438377542634775,533910,58670,,,,,,
PPML,A,60,10,duration,True,-0.28705633370916156,0.10314211281407867,533910,58670,0.7226121551492168,0.3519926575486143,0.38083389464906275,0.37191437177646475,0.30594862135528056,0.8052792034359084
OLS_log_eps0.01,A,60,10,duration,False,-0.19486137209577356,0.08166502616088894,539081,58670,,,,,,
PPML,B,60,10,duration,False,-0.23608869763053378,0.21741567901090425,533518,58670,,,,,,
PPML,B,60,10,duration,True,-0.23964902235687074,0.2153111608528843,533518,58670,0.06725785521737698,0.10058234737932005,-0.1463200947213154,0.08243264421033202,0.16650757166007313,0.5173701330771827
OLS_log_eps0.01,B,60,10,duration,False,-0.08735857825946246,0.16429242156160495,539081,58670,,,,,,
PPML,C,60,10,duration,False,-0.69058660441054,0.18291337634629595,165298,58670,,,,,,
PPML,C,60,10,duration,True,-0.7057065921529616,0.18309478400489881,165298,58670,0.3976094389461265,-0.0684355264083725,-1.0223350838372889,0.3536174871712283,0.20613465536120146,1.030263631541996
OLS_log_eps0.01,C,60,10,duration,False,-0.6071666745322757,0.15952612073019254,171031,58670,,,,,,
PPML,D,60,10,duration,False,-0.1848903978579635,0.20838112895844868,164895,58670,,,,,,
PPML,D,60,10,duration,True,-0.1946968173986805,0.20271150560168413,164895,58670,0.1560311213957823,0.18969892125902954,-0.46466759992631324,0.20860218533147226,0.19876149435786572,0.8280796081933198
OLS_log_eps0.01,D,60,10,duration,False,-0.09846208255337183,0.17932709465494548,171031,58670,,,,,,
PPML,A,120,0,duration,False,-0.22159139329856503,0.10653281602246552,502959,56374,,,,,,
PPML,A,120,0,duration,True,-0.2711808321639913,0.10370246860710744,502959,56374,1.1670418086520404,0.418564887834175,0.26132196338394914,0.48893932134372553,0.4636118523243577,0.8510619483208575
OLS_log_eps0.01,A,120,0,duration,False,-0.23080352559970443,0.09077231782585983,506966,56374,,,,,,
PPML,B,120,0,duration,False,-0.21261142999451121,0.23780032583845898,502585,56374,,,,,,
PPML,B,120,0,duration,True,-0.21149593901590025,0.23541517043936386,502585,56374,0.031629273841084334,0.11189209389755703,0.13865258115226148,0.09774874472677973,0.22501065051002947,0.5156439395180271
OLS_log_eps0.01,B,120,0,duration,False,-0.19747530073788003,0.1872276060781169,506966,56374,,,,,,
PPML,C,120,0,duration,False,-0.6336194803523894,0.16984911219751667,137317,56374,,,,,,
PPML,C,120,0,duration,True,-0.656619928351645,0.171614139097834,137317,56374,0.5295362969848587,-0.06201326586199551,-1.501584026428761,0.3690023923957127,0.3592650700993661,0.9675323702220203
OLS_log_eps0.01,C,120,0,duration,False,-0.5800459871184511,0.1685197600280277,141942,56374,,,,,,
PPML,D,120,0,duration,False,-0.16084238282604188,0.22894464579852186,136911,56374,,,,,,
PPML,D,120,0,duration,True,-0.16271202417995875,0.22365531319261928,136911,56374,0.1288503614789006,0.2670942039677876,-0.04231284315598581,0.2203144792271602,0.21831012726212762,0.865781756318258
OLS_log_eps0.01,D,120,0,duration,False,-0.22402963144122257,0.20120002995808756,141942,56374,,,,,,
PPML,A,120,10,duration,False,-0.23851094717400245,0.12056506776997883,461586,27576,,,,,,
PPML,A,120,10,duration,True,-0.32877946462501323,0.1205378110468884,461586,27576,1.6958201074627681,0.6822052408596497,-0.13454423497723672,0.7561379475894291,0.5435998572310233,1.0793367216356409
OLS_log_eps0.01,A,120,10,duration,False,-0.28348699317624504,0.10760210517031354,465483,27576,,,,,,
PPML,B,120,10,duration,False,-0.4731198112424802,0.34585318418686123,461130,27576,,,,,,
PPML,B,120,10,duration,True,-0.46707952067133135,0.34171443317958267,461130,27576,0.04150472894179627,-0.4110290623173188,0.4802135530055276,0.11164264285315337,0.4624385564064081,0.38488128500515817
OLS_log_eps0.01,B,120,10,duration,False,-0.5644344555907884,0.38996812327154967,465483,27576,,,,,,
PPML,C,120,10,duration,False,-0.6577138678554922,0.22668399685264878,96543,27576,,,,,,
PPML,C,120,10,duration,True,-0.7326399941762104,0.239757834402152,96543,27576,0.4666858585344208,-0.03361184773276091,-3.1312940515239958,0.545067528234475,0.26863911172783034,1.1474212330613003
OLS_log_eps0.01,C,120,10,duration,False,-0.5174162525298136,0.2336325334296369,101184,27576,,,,,,
PPML,D,120,10,duration,False,-0.2196728183496172,0.26950864377073896,96066,27576,,,,,,
PPML,D,120,10,duration,True,-0.19260150277153965,0.2575789129740168,96066,27576,0.7907941881542039,-0.21858340345228722,1.320484698428759,0.2919148317755896,0.46081436231594675,0.6351666046574208
OLS_log_eps0.01,D,120,10,duration,False,-0.312214384980136,0.3560284177664134,101184,27576,,,,,,
PPML,A,180,0,duration,False,-0.20862356501831358,0.15023926515914876,428994,14000,,,,,,
PPML,A,180,0,duration,True,-0.5087573891470649,0.18217466086499245,428994,14000,5.193971687036299,1.4473341113829834,-0.46980334197213264,1.4582137833295536,0.8352416299765618,1.4998411792255075
OLS_log_eps0.01,A,180,0,duration,False,-0.4620509440636982,0.1543224829462474,431621,14000,,,,,,
PPML,B,180,0,duration,False,-0.5784027920898601,0.33069188055998955,428674,14000,,,,,,
PPML,B,180,0,duration,True,-0.5688259906784073,0.3219388045654483,428674,14000,0.13927878741796196,-0.7957013754322165,0.48493553057354927,0.1687790144489583,0.7095762746691139,0.5916529256557201
OLS_log_eps0.01,B,180,0,duration,False,-0.6623838239905714,0.31938624786584413,431621,14000,,,,,,
PPML,C,180,0,duration,False,-0.49990543367055035,0.2286643202558233,66929,14000,,,,,,
PPML,C,180,0,duration,True,-0.7567324188828208,0.25986069413309926,66929,14000,2.8929585011908174,0.13485786348688966,-4.3088309974698,1.5120139003396051,0.5091654434166293,1.3483455128654265
OLS_log_eps0.01,C,180,0,duration,False,-0.339005476068856,0.2760415502750609,70294,14000,,,,,,
PPML,D,180,0,duration,False,-0.2463851784310045,0.22386757330245652,66602,14000,,,,,,
PPML,D,180,0,duration,True,-0.21305661064652498,0.20170623609467397,66602,14000,0.7631971110374923,-0.9234463921332386,1.7274046526478681,0.6742844673066631,1.486872495134786,0.8580344462810292
OLS_log_eps0.01,D,180,0,duration,False,-0.2984295637088911,0.21651612899802428,70294,14000,,,,,,
PPML,A,180,10,duration,False,-0.5668250883849634,0.3136784629249367,416704,6254,,,,,,
PPML,A,180,10,duration,True,-0.8968622498363228,0.3190632939137864,416704,6254,7.408112176208623,3.0302709398099132,-0.7250108362244623,1.727903022691393,1.6491628600369093,1.8027127698538865
OLS_log_eps0.01,A,180,10,duration,False,-1.1999218576161406,0.2973608616417121,419495,6254,,,,,,
PPML,B,180,10,duration,False,-1.8075570602906648,0.46879472441786807,416420,6254,,,,,,
PPML,B,180,10,duration,True,-1.794408921485395,0.4614757774912718,416420,6254,0.24150570443950636,-0.6175189773796301,0.20679208638274127,0.20984798188909912,0.8342343129984984,0.673658977023616
OLS_log_eps0.01,B,180,10,duration,False,-1.5422931401574227,0.5270800897186592,419495,6254,,,,,,
PPML,C,180,10,duration,False,-0.2930770757987328,0.24260068686448752,55498,6254,,,,,,
PPML,C,180,10,duration,True,-0.909455652466481,0.3427745261756709,55498,6254,4.882016428415002,2.0614229214835533,-5.0275808676176705,2.2345094511796435,1.8321802531165068,1.6494854588229606
OLS_log_eps0.01,C,180,10,duration,False,-0.8370140951233225,0.2762083715183506,58992,6254,,,,,,
PPML,D,180,10,duration,False,-1.3048880467992061,0.43404469364303777,55210,6254,,,,,,
PPML,D,180,10,duration,True,-1.2274213511694256,0.4046457031416782,55210,6254,2.268577154703037,-1.0145373488476603,0.922964611238595,1.3900768804943364,2.2577222998843247,0.8937652854184976
OLS_log_eps0.01,D,180,10,duration,False,-1.161838560337839,0.45271171286673084,58992,6254,,,,,,
PPML,A,60,0,occupancy,False,-0.1438980303260052,0.06415527777817152,557947,67272,,,,,,
PPML,A,60,0,occupancy,True,-0.15796004369042643,0.06423779295108387,557947,67272,0.44060843501954783,0.1344932686918557,0.038545973909125036,0.27812310160736675,0.17681939426102838,0.5155325281292409
OLS_log_eps0.01,A,60,0,occupancy,False,-0.15588481397398735,0.07474333239128733,563175,67272,,,,,,
PPML,B,60,0,occupancy,False,-0.07390826798142655,0.11913379147377029,557559,67272,,,,,,
PPML,B,60,0,occupancy,True,-0.0751408974571623,0.1179611268893352,557559,67272,0.0649437645022643,-0.01071144829884648,-0.0493142374840582,0.16884398275519985,0.15492786739073144,0.3475959837368696
OLS_log_eps0.01,B,60,0,occupancy,False,-0.4960675597687122,0.1833832567499156,563175,67272,,,,,,
PPML,C,60,0,occupancy,False,-0.37624842178053963,0.11260982865164079,188760,67272,,,,,,
PPML,C,60,0,occupancy,True,-0.39046983657128265,0.11312478006325033,188760,67272,0.1575187301404997,-0.11876211823861987,-1.0005163389962104,0.20977757281506254,0.1625183718265612,0.7067707711475625
OLS_log_eps0.01,C,60,0,occupancy,False,-0.4814269022819543,0.1320069896637195,194537,67272,,,,,,
PPML,D,60,0,occupancy,False,-0.024139147147959252,0.122087928503487,188361,67272,,,,,,
PPML,D,60,0,occupancy,True,-0.02749731311557456,0.12089390087876738,188361,67272,-0.03346677966620305,0.039909402296691696,-0.20607107514638517,0.3197264126510965,0.16313249616700218,0.6344511407448935
OLS_log_eps0.01,D,60,0,occupancy,False,-0.49130580105527766,0.21544449605601104,194537,67272,,,,,,
PPML,A,60,0,volume,False,-0.32163321838972303,0.08347331411069124,557947,67272,,,,,,
PPML,A,60,0,volume,True,-0.32983473033548105,0.08406108824409504,557947,67272,0.331416168768034,0.2632997692586483,0.312899066179614,0.27074458092028264,0.09531301223695744,0.6967822850708033
OLS_log_eps0.01,A,60,0,volume,False,-0.17921470551703747,0.05962049254489161,563175,67272,,,,,,
PPML,B,60,0,volume,False,0.021349724792135073,0.10168555438730094,557559,67272,,,,,,
PPML,B,60,0,volume,True,0.02479852258631201,0.09981114983084172,557559,67272,0.10052195294064487,0.13113689807731446,0.022647377665917304,0.11790326669323772,0.07954131060041014,0.5305495555002874
OLS_log_eps0.01,B,60,0,volume,False,-0.09666338047506665,0.09740251565297625,563175,67272,,,,,,
PPML,C,60,0,volume,False,-0.595917258548383,0.12878577080657447,188760,67272,,,,,,
PPML,C,60,0,volume,True,-0.6244627355165626,0.13620002398656328,188760,67272,0.08245964548675577,0.07218923080219632,-1.0642868642220917,0.3035239436151271,0.10845353091641806,0.8347756925784122
OLS_log_eps0.01,C,60,0,volume,False,-0.5733238673352468,0.12081893195341224,194537,67272,,,,,,
PPML,D,60,0,volume,False,0.04571382402112263,0.09964298946388414,188361,67272,,,,,,
PPML,D,60,0,volume,True,0.0552461152345123,0.09646012688912856,188361,67272,0.15226051356871456,0.17721587907324057,-0.06839842722950817,0.20623470917068631,0.10535530732720876,0.679968957873442
OLS_log_eps0.01,D,60,0,volume,False,-0.0715992700378062,0.10744073068854486,194537,67272,,,,,,
PPML,A,180,0,occupancy,False,0.02656368734861097,0.12589008406722973,428994,14000,,,,,,
PPML,A,180,0,occupancy,True,-0.16776207538530316,0.15097201474625527,428994,14000,4.134754105616676,0.9840643686964253,0.2703339440157543,1.3702608145063575,0.6837470356599199,1.4066082775280644
OLS_log_eps0.01,A,180,0,occupancy,False,-0.24481214291838616,0.18924879105143794,431621,14000,,,,,,
PPML,B,180,0,occupancy,False,-0.29498065267536827,0.2038598755127683,428674,14000,,,,,,
PPML,B,180,0,occupancy,True,-0.28929592028260975,0.20119241604648097,428674,14000,0.17344258727430065,-0.1265703786504184,0.3250834285325178,0.18906766139767733,0.6028277589422204,0.3618239973015939
OLS_log_eps0.01,B,180,0,occupancy,False,-0.4160539375204529,0.3418676494684637,431621,14000,,,,,,
PPML,C,180,0,occupancy,False,-0.2922489507268262,0.1921934619704605,66929,14000,,,,,,
PPML,C,180,0,occupancy,True,-0.45684931647193894,0.2000366332809723,66929,14000,1.6625003105504121,0.16730312070360992,-3.4836009738201796,1.1979424259364038,0.3761021809193183,1.0915745358177087
OLS_log_eps0.01,C,180,0,occupancy,False,-0.15767770128324557,0.3177688926805862,70294,14000,,,,,,
PPML,D,180,0,occupancy,False,-0.08618308085528864,0.16743532684223272,66602,14000,,,,,,
PPML,D,180,0,occupancy,True,-0.057647994713997126,0.15178113657687622,66602,14000,-0.402664431820877,-0.7418618586802987,0.8907342009712098,0.6889750038407856,1.3208065637301516,0.8226279280582739
OLS_log_eps0.01,D,180,0,occupancy,False,-0.30964360451462514,0.22246931345681525,70294,14000,,,,,,
PPML,A,180,0,volume,False,-0.18346712862805886,0.16012115456074455,428994,14000,,,,,,
PPML,A,180,0,volume,True,-0.48127879447486877,0.1856264168248756,428994,14000,4.8663640065546865,1.1116660052435015,-0.5187715169040681,1.425381442807838,0.33734638374550896,1.4828366910578685
OLS_log_eps0.01,A,180,0,volume,False,-0.4026910148384154,0.14095661105905477,431621,14000,,,,,,
PPML,B,180,0,volume,False,-0.07515947449599567,0.22682790845332723,428674,14000,,,,,,
PPML,B,180,0,volume,True,-0.0036195461837627545,0.25341193647736704,428674,14000,0.01854811727311606,-2.3440987692886157,1.347852839511742,0.2024914400746235,1.2981037797842079,0.8360238166650279
OLS_log_eps0.01,B,180,0,volume,False,-0.6987478910148617,0.33451567349971756,431621,14000,,,,,,
PPML,C,180,0,volume,False,-0.5355763658747953,0.23314762598405533,66929,14000,,,,,,
PPML,C,180,0,volume,True,-0.8702084296895325,0.28163367191043454,66929,14000,3.1008278138928267,0.49979500762087925,-4.669181430851161,1.674088876448499,0.3800918928516726,1.5253843565320364
OLS_log_eps0.01,C,180,0,volume,False,-0.273836522979326,0.26897565662856643,70294,14000,,,,,,
PPML,D,180,0,volume,False,0.16191157531458786,0.1785472491416836,66602,14000,,,,,,
PPML,D,180,0,volume,True,0.23402682798366553,0.18752344580346902,66602,14000,0.9495720256652203,-3.863257205795593,2.0114093300257334,0.8709348153760885,1.5875448096216909,1.0377622173547727
OLS_log_eps0.01,D,180,0,volume,False,-0.28491005368104094,0.22925955723826724,70294,14000,,,,,,
