W_min,design,weather_var,coef,se,t
60,C,0,5.325179201460129e-34,3.8425527966899166e-19,1.385844120618821e-15
60,C,1,1.6884714541215043e-34,5.219281955307835e-19,3.235064647933774e-16
60,C,2,5.487532225894889e-34,5.541382476692921e-19,9.90282163156121e-16
60,C,3,-4.156237425529857e-34,2.2796834190138917e-19,-1.8231643002990716e-15
60,C,4,6.753885816486017e-34,4.558150862800584e-19,1.4817161651241062e-15
60,C,5,1.45468309893545e-33,1.4462138569804945e-18,1.0058561477018607e-15
60,D,0,4.500646692059274e-34,2.0116335179995718e-27,2.2373094561154714e-07
60,D,1,-1.4415136775049275e-33,2.4024106121289428e-27,-6.000280177864775e-07
60,D,2,-6.823135272981855e-36,8.431542268095108e-36,-0.8092392893291358
60,D,3,1.0364019918887231e-35,1.5448368921759858e-35,0.6708811766068683
60,D,4,4.835761947818562e-35,3.319782252832505e-35,1.4566503401518556
60,D,5,5.110545407453485e-35,3.011699628987589e-35,1.696897445636517
180,C,0,1.864181381632788e-33,2.771394018159002e-18,6.726511529642174e-16
180,C,1,1.1418110962500827e-32,2.44462245246717e-18,4.670705266155681e-15
180,C,2,1.071904294438853e-32,1.0695286041311792e-17,1.002221249902525e-15
180,C,3,-1.4447405707654106e-32,4.505967600393808e-18,-3.206282643131177e-15
180,C,4,1.724367778010329e-32,1.9662243891398496e-17,8.769943997921194e-16
180,C,5,-3.9147809014288547e-32,3.733837798690729e-17,-1.0484603543307569e-15
180,D,0,5.70795288906745e-35,7.189841228044914e-33,0.007938913681157289
180,D,1,-1.6350396751071314e-35,9.476577759157394e-33,-0.0017253482392704076
180,D,2,-5.2849277270382134e-33,3.559779775608882e-33,-1.4846221002910929
180,D,3,1.0877361873069952e-32,5.919462368120072e-32,0.18375590884150567
180,D,4,4.008724569130937e-32,1.2470138539098614e-31,0.3214659208927042
180,D,5,-1.157832328030927e-33,1.4758058231244005e-33,-0.7845424580177508
