zone,area_km2,road_km,lon,lat,poi_business_res,poi_food,poi_life,piles,stations,group
102,0.714419,6.538000,114.102970,22.540413,245,335,788,30,4,2
104,1.171734,6.581000,114.114003,22.553140,227,233,686,19,3,2
105,0.772557,3.473000,114.120849,22.551266,239,195,1223,93,12,2
106,0.578717,6.311000,114.121886,22.544263,338,657,2186,96,6,2
107,0.888717,5.204000,114.130394,22.544853,317,393,1128,88,11,2
108,1.268992,5.446000,114.131519,22.554033,254,291,1096,33,5,2
109,3.157105,12.991000,114.142996,22.563891,210,339,1089,39,5,2
110,2.139447,8.075000,114.143401,22.549066,424,543,1561,69,11,2
111,1.762254,8.571000,114.127774,22.563806,624,344,2537,85,11,2
115,0.725085,9.786000,114.114254,22.568377,177,271,516,23,2,2
123,3.689377,4.908000,114.149841,22.582034,65,75,319,28,3,0
124,26.919025,10.342000,114.183035,22.588903,270,324,1182,56,5,0
202,2.044359,4.750000,114.053189,22.556282,181,189,750,57,9,2
204,1.111455,7.898000,114.062232,22.563606,329,320,822,57,8,2
205,0.892616,8.417000,114.064941,22.550554,155,28,176,45,3,1
206,0.653158,8.943000,114.065222,22.537428,552,288,1018,127,8,2
208,1.153274,11.548000,114.093765,22.563707,415,159,686,13,2,2
212,0.797567,3.431000,114.094872,22.547760,322,130,747,27,4,2
213,1.726686,9.312000,114.090022,22.539074,1831,962,3987,74,11,2
214,1.268025,5.048000,114.076635,22.537480,315,385,840,9,2,2
215,1.711875,6.497000,114.075136,22.566536,133,51,255,52,2,1
216,1.869576,12.850000,114.071058,22.547124,476,433,1389,24,3,2
217,1.446922,9.343000,114.024884,22.527439,579,647,1440,129,10,2
223,2.415609,0.671000,114.047824,22.509631,486,158,700,187,16,1
224,1.827878,3.523000,114.069775,22.524157,371,286,1083,133,21,2
225,1.576359,17.078000,114.004194,22.533008,339,117,535,20,4,1
226,1.206560,7.400000,114.021789,22.535380,798,508,1179,72,8,2
227,1.643064,5.436000,114.035643,22.537034,664,99,517,73,7,1
235,10.820556,6.914000,114.026079,22.575305,18,3,63,43,8,0
307,3.207891,3.247000,113.941223,22.499171,315,280,1620,169,15,2
309,7.636038,1.173000,113.901321,22.496614,361,208,753,136,9,0
310,4.180338,0.000000,113.877130,22.489143,64,13,113,10,1,0
311,6.438287,0.000000,113.889971,22.471538,158,23,209,64,5,0
316,5.513679,8.385000,113.895558,22.537080,342,191,759,4,1,1
320,3.289235,17.881000,113.918059,22.561794,377,158,794,25,4,1
321,1.270952,7.178000,113.934788,22.560160,126,4,71,44,4,0
322,1.237508,5.890000,113.946483,22.560069,281,194,315,24,2,1
323,1.910859,7.010000,113.947333,22.549333,862,444,769,41,1,1
324,1.768190,5.938000,113.934355,22.548890,361,196,496,60,7,1
325,0.994567,6.598000,113.946883,22.539746,560,258,836,49,5,2
326,1.963022,5.367000,113.931887,22.535768,583,233,1028,106,7,2
328,2.812416,12.654000,113.967355,22.550305,259,134,647,75,6,1
329,3.338853,8.598000,113.981638,22.544857,483,245,985,254,17,1
330,2.918693,4.657000,113.974598,22.534758,241,553,1636,30,4,2
331,2.840626,4.998000,113.973507,22.527349,96,101,631,36,2,0
332,3.541906,13.705000,113.956043,22.542892,1122,438,1487,147,12,1
333,2.415249,7.883000,113.966078,22.564370,588,344,983,22,5,2
335,18.322509,7.821000,113.987888,22.579650,1307,1323,3222,249,19,1
340,1.507855,3.045000,113.957486,22.588604,185,225,442,23,1,2
343,2.497138,0.000000,113.993351,22.601132,38,12,83,28,1,0
346,35.455182,13.027000,113.955848,22.622277,1289,545,1482,61,3,0
347,2.444495,3.291000,113.941210,22.516185,647,555,1703,29,4,2
348,3.082857,7.837000,113.967665,22.520288,57,47,233,33,1,0
406,6.405791,13.894000,114.273195,22.578688,199,89,394,14,2,0
408,4.386485,13.313000,114.299093,22.599104,79,54,317,57,6,0
501,2.835686,5.205000,113.886239,22.551020,617,516,2155,47,5,2
502,2.548618,0.000000,113.869938,22.553546,224,71,401,100,5,1
506,3.296103,17.824000,113.905656,22.568448,1465,1291,3920,162,8,2
508,2.793041,12.516000,113.894033,22.577154,1200,1247,3716,76,8,2
511,4.814294,14.262000,113.898601,22.597251,345,125,412,15,2,1
512,2.388020,10.498000,113.883595,22.586781,701,434,2164,86,11,2
513,7.294701,18.942000,113.873271,22.604565,1667,704,2035,171,14,1
516,1.485981,13.253000,113.860715,22.628759,225,230,425,71,1,2
519,4.604265,11.794000,113.857858,22.595017,1888,1423,2555,223,14,2
520,3.111931,3.114000,113.836795,22.599993,784,663,1077,124,3,2
522,1.956536,5.478000,113.847337,22.609881,700,345,803,86,6,1
525,1.721568,2.089000,113.877442,22.563333,523,620,2046,96,7,2
526,3.175053,1.567000,113.862699,22.569237,1068,1636,3539,262,14,2
527,2.104764,2.045000,113.853299,22.576855,404,311,1050,146,5,2
528,1.606363,7.534000,113.873012,22.579508,496,675,1541,33,4,2
529,0.988491,12.490000,113.858221,22.618292,204,70,221,48,3,1
552,3.220526,3.289000,113.818209,22.662773,590,832,2541,49,2,2
553,3.375350,0.829000,113.806149,22.672914,1009,848,2012,22,1,2
558,3.927542,0.000000,113.780082,22.731925,382,312,676,28,2,1
559,5.726523,0.000000,113.774405,22.710485,283,133,526,20,1,0
568,3.215476,0.000000,113.863429,22.815677,435,129,199,20,1,1
570,3.371908,0.000000,113.848450,22.785776,475,214,569,21,2,1
575,3.061269,0.000000,113.830467,22.777853,794,489,1498,17,1,2
576,2.674997,3.715000,113.817709,22.775685,386,301,749,72,4,1
577,1.998027,2.779000,113.843021,22.779575,329,84,511,24,1,1
578,3.262043,3.200000,113.849215,22.760557,1036,894,3113,12,1,2
580,3.836020,6.330000,113.830904,22.749023,924,305,990,20,2,1
582,3.932986,12.621000,113.841045,22.722850,1253,883,2878,38,4,2
584,2.592299,3.186000,113.828313,22.735239,660,544,1637,55,4,2
585,3.455179,0.000000,113.814734,22.758127,790,625,1434,12,1,2
587,2.884904,0.000000,113.811434,22.741475,458,601,1756,132,6,2
588,2.727567,0.000000,113.808720,22.726747,547,811,1898,96,4,2
589,3.552752,2.412000,113.823664,22.721281,676,1228,2986,105,10,2
592,3.721213,1.370000,113.818966,22.704125,917,367,1229,88,2,1
594,2.044151,0.000000,113.794512,22.727460,351,212,753,38,2,1
595,3.387280,0.000000,113.793005,22.709829,761,453,816,137,2,1
596,2.972113,0.000000,113.790371,22.687742,771,590,1196,55,2,2
598,2.111843,0.000000,113.801191,22.691047,415,320,760,12,1,2
601,3.716735,6.502000,113.852620,22.719420,992,290,680,12,1,1
628,12.588646,10.539000,113.946907,22.664957,849,485,1257,6,1,1
631,3.518076,0.000000,113.875867,22.772625,802,334,802,34,3,1
632,5.147715,0.000000,113.884918,22.789936,1074,681,2091,30,3,2
633,4.893360,0.000000,113.903900,22.759777,986,811,2205,135,4,2
637,2.816252,0.000000,113.894200,22.731137,378,395,654,35,4,1
638,7.008688,0.000000,113.880622,22.743651,524,60,339,22,2,0
643,2.394926,0.000000,113.893335,22.717477,356,323,639,34,3,1
644,6.371874,0.000000,113.970817,22.725614,229,58,175,48,3,0
647,3.009238,2.029000,113.921155,22.695941,416,112,388,20,1,1
651,8.493110,1.268000,113.944037,22.705250,555,254,459,9,1,1
655,2.070129,0.000000,113.888196,22.757178,127,17,55,24,2,0
656,2.187197,0.000000,113.938120,22.749699,67,78,274,50,2,0
659,3.174568,0.000000,113.923067,22.760915,487,131,327,18,1,1
681,19.582808,12.100000,113.997930,22.632696,75,4,129,18,3,0
682,2.999729,2.238000,114.032558,22.752204,269,92,307,50,2,1
686,4.095817,6.350000,114.042067,22.739035,579,156,365,89,7,1
687,2.141080,0.000000,114.006202,22.731799,187,572,1022,24,2,2
690,2.237162,1.320000,114.032225,22.720031,346,170,504,70,2,1
691,2.437981,0.000000,114.021051,22.709012,96,31,144,35,1,0
693,2.077409,5.330000,114.044487,22.724681,311,95,260,59,2,1
698,1.757928,0.000000,114.042354,22.698418,321,288,903,9,1,2
699,4.865650,9.183000,114.031198,22.604318,314,375,1445,54,8,2
700,3.993141,5.407000,114.054267,22.605243,1119,946,2336,99,6,2
701,1.937228,2.601000,114.038834,22.614499,654,900,1915,12,2,2
703,2.390711,3.515000,114.033411,22.627685,715,921,2809,233,14,2
704,2.667447,3.260000,114.020727,22.624515,440,489,1751,141,8,2
705,1.813268,3.886000,114.034514,22.637890,737,774,2021,52,6,2
706,1.620469,7.850000,114.054819,22.633648,657,935,1947,30,3,2
708,2.314260,0.633000,114.043406,22.655224,839,524,1234,31,3,2
709,1.783668,0.000000,114.027007,22.653166,554,1234,2799,56,7,2
710,2.300824,2.886000,114.018031,22.645126,764,539,1401,83,7,2
711,1.287001,0.000000,114.019065,22.661985,337,494,1634,34,3,2
712,1.698428,0.000000,114.030385,22.664317,671,816,1842,50,5,2
715,8.387251,7.951000,113.991117,22.702689,404,183,444,16,2,0
716,3.953361,0.000000,114.073891,22.609343,466,100,387,135,6,1
718,1.409007,1.473000,114.001956,22.665935,615,367,892,15,2,2
719,0.804973,2.245000,113.990887,22.671464,128,111,330,6,1,2
724,3.009520,3.412000,114.008294,22.636613,369,254,868,180,8,1
728,2.906448,0.000000,114.077315,22.707602,763,431,1217,22,2,2
729,6.670070,3.852000,114.080668,22.681986,540,270,613,39,3,1
731,1.835070,5.038000,114.044130,22.671884,302,250,620,60,5,2
732,1.776971,9.015000,114.054162,22.675444,274,94,271,15,1,1
733,2.481180,12.749000,114.059511,22.686453,282,127,431,130,6,1
737,3.617574,1.769000,114.084393,22.652135,524,314,719,36,3,1
741,1.730425,0.000000,114.067542,22.661576,483,231,659,38,3,1
744,1.959295,0.000000,114.068025,22.649987,391,464,831,71,6,2
745,1.894596,2.802000,114.060545,22.621871,710,897,1785,16,1,2
746,2.192297,2.838000,114.072883,22.623012,691,585,1484,115,7,2
751,3.464268,2.057000,114.060429,22.698813,482,216,615,72,4,1
771,12.782458,2.202000,114.246122,22.644745,583,224,564,24,1,0
773,5.552512,12.297000,114.160010,22.628578,567,266,1034,40,2,1
775,6.156035,3.084000,114.099390,22.681134,401,185,536,26,1,1
777,5.007215,0.000000,114.127647,22.709402,413,178,838,121,6,1
781,2.772840,3.082000,114.117600,22.672825,906,326,1234,35,3,1
783,5.209052,8.540000,114.100039,22.645628,528,183,342,24,2,1
790,5.068094,5.032000,114.229543,22.672127,840,321,788,32,4,1
792,5.066750,2.834000,114.223324,22.656922,671,387,1191,6,1,1
795,4.395378,6.434000,114.111694,22.632858,253,212,692,102,4,1
799,1.586836,0.734000,114.117971,22.612140,339,844,1880,83,6,2
802,3.837344,0.000000,114.109042,22.656938,426,237,477,58,4,1
804,2.317791,4.628000,114.135067,22.642225,169,241,436,47,2,1
805,3.998874,1.853000,114.129230,22.653615,639,114,370,12,1,1
809,2.206184,0.000000,114.122591,22.690093,473,399,944,68,3,2
832,3.001727,2.606000,114.288226,22.729676,557,589,2088,36,2,2
842,5.338910,9.644000,114.310607,22.768469,1092,928,2643,90,5,2
844,3.940344,0.000000,114.276844,22.763650,328,97,313,66,1,1
848,4.956531,0.000000,114.293265,22.681444,152,70,195,12,1,0
849,3.877029,0.000000,114.264533,22.746088,679,244,1123,74,4,1
851,4.385532,0.000000,114.275961,22.689777,280,249,846,142,5,1
852,3.877516,1.171000,114.250005,22.680226,410,209,584,8,1,1
855,5.170043,0.000000,114.226137,22.731606,484,324,1740,186,19,1
858,5.503742,0.000000,114.233926,22.749580,756,516,1379,138,5,1
862,7.985257,3.755000,114.253336,22.696034,1351,466,1501,36,2,1
881,49.933877,0.000000,114.335549,22.651140,170,116,291,88,1,0
882,5.099847,0.000000,114.292317,22.668531,564,304,835,15,1,1
883,3.801553,0.000000,114.315602,22.674502,258,137,475,12,2,1
887,2.567052,0.000000,114.409253,22.707070,19,21,63,36,1,0
888,5.537673,0.000000,114.333219,22.678556,610,450,1630,140,6,1
890,2.334378,0.000000,114.341401,22.693401,308,375,1425,18,1,2
891,3.280788,0.000000,114.373964,22.709098,153,74,266,54,1,0
893,4.856654,4.116000,114.360300,22.758820,442,173,517,18,3,1
895,4.408376,0.786000,114.394002,22.756190,391,181,669,45,1,1
897,5.361964,0.000000,114.401120,22.745486,415,167,392,35,3,1
900,1.816683,0.000000,114.338753,22.707896,71,155,462,12,2,2
901,6.342076,2.361000,114.382355,22.727664,401,262,635,17,4,1
902,4.505886,0.000000,114.355610,22.712183,162,91,369,70,3,0
903,4.927031,0.000000,114.362112,22.698228,301,189,544,57,2,1
904,4.355587,3.148000,114.389588,22.709717,191,249,542,54,3,1
937,33.292904,0.000000,114.501021,22.493588,36,68,293,22,2,0
943,9.124862,3.142000,114.417754,22.630909,486,461,1454,21,2,1
958,3.875149,3.341000,113.935256,22.577115,888,380,802,45,5,1
965,2.314408,0.000000,114.098673,22.616889,77,42,204,129,2,0
966,1.425854,0.000000,114.108469,22.616251,342,518,1242,185,6,2
967,2.112147,0.000000,114.102032,22.598254,148,76,321,24,2,1
969,3.170711,4.869000,114.125551,22.622613,385,202,928,50,5,1
972,3.721387,9.216000,114.140802,22.631392,460,259,807,75,5,1
974,3.645556,9.146000,114.144479,22.615397,575,1301,3131,123,9,2
975,1.463496,0.000000,114.175158,22.649322,48,43,259,18,1,0
977,1.550479,0.000000,114.192833,22.658491,187,49,125,29,1,1
979,2.649581,0.000000,114.182140,22.629172,335,299,641,16,1,1
981,0.975840,0.000000,114.198885,22.645274,290,536,1286,49,3,2
982,2.691789,2.046000,114.209162,22.641950,569,687,1746,18,3,2
983,1.888644,1.615000,114.170680,22.640674,195,52,300,17,2,1
984,0.778495,0.000000,114.184106,22.645146,105,79,301,16,2,2
986,0.769680,0.000000,114.187955,22.638440,213,318,839,125,3,2
987,1.236892,0.000000,114.205204,22.659273,188,35,148,45,3,1
988,1.456138,0.000000,114.194962,22.650727,331,427,1192,55,4,2
989,3.962483,0.000000,114.220797,22.712332,464,236,933,132,10,1
991,2.042091,2.856000,114.225233,22.693731,361,688,1449,17,4,2
996,3.332901,3.651000,114.235227,22.704345,1027,697,1993,119,8,2
998,2.224244,3.817000,114.255998,22.715504,682,853,2408,118,9,2
1000,3.087208,4.392000,114.269518,22.720175,1036,1014,3420,194,14,2
1009,2.328654,1.960000,114.251333,22.729580,726,614,1647,207,11,2
1011,3.421698,2.150000,114.239723,22.721472,516,792,3471,332,41,2
1015,3.169360,0.000000,113.883877,22.513848,76,12,96,96,4,0
1026,1.981579,3.232000,114.080824,22.634883,230,161,495,77,5,1
1029,29.682210,3.909000,113.803944,22.639006,469,191,729,36,1,0
1031,4.911243,14.681000,113.836584,22.633781,1041,1049,2626,151,7,2
1043,4.562150,0.000000,114.205200,22.701932,133,172,514,68,6,0
1049,2.637267,5.159000,114.309858,22.718462,533,182,807,200,4,1
1060,34.964721,0.000000,113.970671,22.766971,732,277,876,40,5,0
1061,2.035756,16.994000,114.053408,22.546316,384,194,919,99,11,2
1062,2.070175,19.759000,114.053336,22.536745,906,694,1879,102,11,2
1066,1.577893,7.130000,113.910307,22.521287,171,229,640,40,8,2
1067,1.524820,4.209000,113.906006,22.512184,287,147,516,49,4,1
1068,1.405269,7.084000,113.918686,22.517840,476,689,1642,227,16,2
1071,1.099229,3.024000,113.936246,22.529220,172,188,338,72,2,2
1072,1.174177,5.018000,113.945426,22.530251,672,172,555,67,6,1
1074,0.998874,7.372000,113.921381,22.539417,252,311,1019,62,7,2
1075,1.016059,5.575000,113.914735,22.549248,39,2,64,16,1,0
1076,1.336616,7.548000,113.923442,22.549584,288,261,728,42,5,2
1081,1.065595,0.000000,113.913255,22.486422,258,216,556,47,4,2
1082,0.596988,0.000000,113.916019,22.494573,210,36,169,21,2,1
1083,1.494891,0.000000,113.929833,22.486226,326,584,1529,44,2,2
1085,0.387839,1.838000,113.925777,22.521528,156,246,821,59,5,2
1087,0.617467,1.733000,113.930499,22.512786,135,315,1043,70,8,2
1088,0.765505,0.000000,113.924201,22.512670,446,322,1276,69,5,2
1090,0.542386,2.018000,113.930662,22.503522,77,126,408,34,1,2
1092,0.570606,1.157000,113.922961,22.505333,131,185,619,24,1,2
1094,0.400380,0.000000,113.932273,22.494417,68,71,263,18,2,2
1095,0.969861,3.881000,113.909593,22.530697,104,120,423,29,5,2
1096,1.074909,6.518000,113.919876,22.531420,270,758,1750,70,9,2
1098,1.522271,7.259000,113.895984,22.558547,748,698,2239,60,7,2
1099,0.772798,5.697000,114.044598,22.516500,162,271,650,18,1,2
1100,1.056509,6.182000,114.047433,22.524982,224,663,1358,69,7,2
1102,1.189155,5.988000,114.055126,22.524991,368,282,1420,104,14,2
1104,0.476300,4.763000,114.064548,22.527122,148,285,582,27,3,2
1106,1.266371,4.710000,114.039608,22.528655,141,61,380,22,8,1
1107,0.787456,5.025000,114.039561,22.546026,95,23,267,12,4,1
1109,0.743831,1.805000,114.038713,22.552781,146,88,517,56,10,2
1110,1.179422,7.320000,114.034517,22.559006,313,240,745,33,5,2
1111,1.098864,10.200000,114.003262,22.538545,158,75,294,59,7,1
1112,1.483434,4.604000,114.000836,22.543793,259,104,397,18,1,1
1113,1.291398,2.841000,114.014114,22.549296,106,101,607,55,9,2
1114,0.607886,3.063000,114.017765,22.541457,82,66,341,45,6,2
1115,2.249884,8.511000,114.024295,22.553132,76,56,291,62,5,0
1119,1.055931,13.460000,114.116557,22.540061,756,587,2271,93,8,2
1120,1.105138,9.229000,114.109973,22.536985,278,173,837,91,10,2
1121,0.730624,3.378000,114.104260,22.555895,538,242,872,37,5,2
1124,1.080545,5.254000,114.109629,22.568020,452,175,1321,61,5,2
1125,0.708547,6.679000,114.103170,22.569091,255,106,400,10,2,2
1126,0.567424,5.971000,114.102807,22.561999,582,283,969,24,2,2
1130,0.549297,1.863000,114.121169,22.565627,91,41,417,14,3,2
1134,0.966811,4.318000,114.130359,22.574003,358,220,1190,58,8,2
1135,1.562618,1.417000,114.135298,22.583262,203,158,543,48,6,2
1137,1.666309,3.045000,114.122458,22.582159,286,190,680,130,12,2
1138,0.909152,2.201000,114.115446,22.587985,57,230,508,16,3,2
1143,0.427849,5.862000,114.176400,22.559005,59,146,372,26,3,2
1144,1.848767,5.859000,114.177396,22.565025,199,213,483,68,7,1
1149,1.311181,3.558000,114.242840,22.562755,155,109,374,48,4,1
1154,1.234770,9.541000,114.224403,22.551315,192,100,463,22,3,1
1156,0.573553,5.395000,114.231758,22.553869,107,142,578,30,5,2
1159,1.960140,12.623000,114.259910,22.590885,261,289,764,114,9,2
1162,1.407689,1.524000,114.245943,22.592899,166,67,219,22,2,1
1163,1.075939,0.000000,114.109510,22.602664,292,244,746,18,2,2
1164,1.885865,2.281000,114.120046,22.595688,324,638,1824,88,13,2
1166,2.372234,3.304000,114.127253,22.604601,616,719,2216,82,8,2
1167,6.133971,8.475000,114.145273,22.599215,748,876,2610,373,19,2
1168,1.441848,1.277000,114.048657,22.571459,115,154,511,43,6,2
1172,1.101210,6.710000,114.057007,22.572847,364,394,866,9,2,2
1173,1.288233,10.037000,114.066376,22.573898,161,77,336,38,7,1
