group,MAE,RMSE,WAPE,CRPS,PICP,ACI,MAE1,MAE6,MAE24,ep,min,beta,sw_model,sw_obs,swn_model
abl_A11_adaptive,0.04382629685461542,0.06534377809478448,0.22427095294875402,0.025580201370190892,0.8272596899612226,0.9009986361748972,0.0253824146137456,0.0419013177034107,0.0476124263551213,43.0,12.997462328275045,-0.21305660903453827,-0.5350433220855174,-1.1803015852900895,-0.14123227153068205
abl_A11_adaptive,0.043483076437402755,0.06495636613620275,0.2225146017266761,0.0251699647266634,0.8575072478668115,0.8999833433582481,0.0275827299818524,0.0412371398201035,0.0472516403546575,35.0,9.932959246635438,-0.21305660903453827,-0.4943278115228831,-1.1803015852900895,-0.21101063486966268
abl_A11_adaptive,0.04241846559725882,0.06331297116239652,0.2170667016124891,0.024491587640239683,0.8553784621623512,0.9019934600544263,0.0228251126895801,0.039950844192654,0.0464018838338684,43.0,12.999060372511545,-0.21305660903453827,-0.5198643632258585,-1.1803015852900895,-0.1741608105554659
abl_A11_predefined,0.04526241423632674,0.06720862745401869,0.23161995199403268,0.0262227739413381,0.835958320065608,0.9004909387109552,0.027205902774752,0.0436411942563762,0.0487256712388232,31.0,12.059935748577118,-0.21305660903453827,-0.5570851907756729,-1.1803015852900895,-0.2935723698329488
abl_A11_predefined,0.04507323102248916,0.06714490102658532,0.23065185058701648,0.02629075532478655,0.829015789426087,0.900507519407021,0.0272390299180202,0.0428584293206399,0.0483941236214996,35.0,13.60945159594218,-0.21305660903453827,-0.6568136975916546,-1.1803015852900895,-0.40681673186048395
abl_A11_predefined,0.04521188133050687,0.0670201198123156,0.23136136151852232,0.026257928364697543,0.8426797616140789,0.9011679268027059,0.0276898933643454,0.0431410271677852,0.048752137134135,32.0,12.441295043627422,-0.21305660903453827,-0.6560351078152729,-1.1803015852900895,-0.40886620585043454
abl_A13_soft0.01,0.04474438183372792,0.06676232696267244,0.22896904080766045,0.02624786227404155,0.8133617774325392,0.9012781315052062,0.0255880760363832,0.043017483453008,0.0485397007735707,43.0,19.97908968925476,-0.2130008526146412,-0.5197808989849475,-1.1803015852900895,-0.22939364468339277
abl_A13_soft0.01,0.045020521362682094,0.06698466808079613,0.23038212107567424,0.02610731505301446,0.8351129934225401,0.9001630665529542,0.0284447236621789,0.0429059935645435,0.0482147673943554,35.0,16.22685209910075,-0.21301434437433878,-0.5045392399292193,-1.1803015852900895,-0.21668961584883825
abl_A13_soft0.01,0.044383219798425924,0.0656356144644481,0.22712087749843118,0.025563853524467956,0.8549284304388035,0.9020626483218391,0.0261444887018685,0.0421449153593495,0.0483528026432085,30.0,13.965046691894532,-0.2129733401040236,-0.5847248272472374,-1.1803015852900895,-0.280855686670891
abl_A13_soft0.1,0.0446517261494353,0.06649048991532726,0.2284948967411116,0.026212444157832502,0.811414813111892,0.9015175012592893,0.0255951401360882,0.0429277882102452,0.0483526193007484,43.0,19.964281928539275,-0.2130518468717734,-0.5156562645207355,-1.1803015852900895,-0.262859045215673
abl_A13_soft0.1,0.04518002201884249,0.06717565884051652,0.23119832884864006,0.026200459498745072,0.8342655249045319,0.9002384284266766,0.0286058459553148,0.0429931455322332,0.0483510892495453,35.0,15.64607789516449,-0.21305037662386894,-0.4942597599810838,-1.1803015852900895,-0.18763328290899048
abl_A13_soft0.1,0.04441086222642365,0.06569824428311744,0.22726233123999262,0.025573537334171205,0.8562211709582701,0.9019291396240029,0.0260933142171318,0.0422061521370549,0.0483831338127126,30.0,13.963484175999959,-0.21305432046453157,-0.5798873702466413,-1.1803015852900895,-0.26398271217074626
abl_A13_soft10,0.044573074399480515,0.06641114312725024,0.22809241457448087,0.02616174694033508,0.8109516921525985,0.901510636148455,0.0255557974423765,0.0428814981679665,0.0483511893369614,43.0,19.937995402018228,-0.2130545141796271,-0.49645577467564816,-1.1803015852900895,-0.2496388986692934
abl_A13_soft10,0.04497582255007016,0.06695174374268151,0.23015338522483542,0.026089634939791086,0.8344023669146006,0.9003575703244856,0.0283324349361479,0.0428694188228357,0.0482362569036765,35.0,16.268375945091247,-0.2130591943860054,-0.48204671810250194,-1.1803015852900895,-0.1609374514372527
abl_A13_soft10,0.044355149682512814,0.06561925461180503,0.2269772351627326,0.02554324821655619,0.8564332165773505,0.9019806175264783,0.0261183442261631,0.0421046283004143,0.0483842118321541,30.0,13.98409825960795,-0.21305434902509054,-0.5699552000032718,-1.1803015852900895,-0.26334943278705436
abl_A13_soft1,0.04484508645404859,0.06679858823980037,0.22948437344551895,0.026322903000654072,0.8116763598407016,0.9016220870435743,0.0259695236642252,0.0431458968501634,0.0486104712172169,43.0,19.926155626773834,-0.21305724730094275,-0.5337368148338317,-1.1803015852900895,-0.27560562300668856
abl_A13_soft1,0.04520832495791242,0.06721067006555266,0.23134316260307566,0.026232158668680127,0.8335003995786694,0.9004429887230624,0.0290243382848521,0.0432175899999244,0.0484556829641556,35.0,14.728685100873312,-0.21305249258875847,-0.5058785787295434,-1.1803015852900895,-0.1962655026604119
abl_A13_soft1,0.044398371626166826,0.06571375095043004,0.22719841347774605,0.02556940337105131,0.8561914226952116,0.902051068779635,0.0261400620084944,0.0421784913999225,0.048458519445669,30.0,13.922184916337331,-0.21305397401253381,-0.5770686610961498,-1.1803015852900895,-0.2498391985778195
abl_A14_nomask,0.041043520321939246,0.06348013945165812,0.2454563877180841,0.02400519053408525,0.8126245811263647,0.9001715129895866,0.0232889452480279,0.0379735494646699,0.0448132421354328,43.0,19.32341080904007,-0.21305660903453827,-0.4652060058599613,-1.1803015852900895,-0.07831426235682479
abl_A14_nomask,0.04195498563671428,0.06423220901753382,0.2509073086415366,0.024433103631885177,0.828025618852016,0.9003632039779484,0.0238222501921542,0.0394148181235133,0.0456205178527314,35.0,15.776139783859254,-0.21305660903453827,-0.5207418645662663,-1.1803015852900895,-0.3736652882377235
abl_A14_nomask,0.041059005616031596,0.06275148515582346,0.24554899586477438,0.023868097525242906,0.8383608979209455,0.9020214030915575,0.0236715589349556,0.0381408321974187,0.0445472102244778,37.0,16.648561843236287,-0.21305660903453827,-0.5111237118733007,-1.1803015852900895,-0.15411044255001352
abl_A1_free,0.04453067988358386,0.06647979436619499,0.22787547042993028,0.026116870119995722,0.8145678910099797,0.9013073896972452,0.0253852432240673,0.0427356680061765,0.0483762138563956,43.0,19.43258390426636,-0.19359543609122434,-0.5106030439649354,-1.1803015852900895,-0.26245815042688336
abl_A1_free,0.04501315199994131,0.06701252730442596,0.23034441006372217,0.026117990341682405,0.8345037489951037,0.9003687293058619,0.0284412133923843,0.0429462326789262,0.048272121447379,35.0,15.876028517882029,-0.19659184788664183,-0.50444389747952,-1.1803015852900895,-0.22499874591729113
abl_A1_free,0.04435211673966268,0.06556799476605768,0.2269617147781221,0.025583907711396948,0.8512962865124231,0.9017059821292924,0.0263353715773102,0.042200548502155,0.0479991198544717,32.0,14.537638060251872,-0.19591418219109377,-0.5016379234179135,-1.1803015852900895,-0.17452431412404926
abl_A2_none,0.04449691146669287,0.06639167440918553,0.22770266835493783,0.0261278898534749,0.8125350137056198,0.9015840423519171,0.0252473997554599,0.0425659047095976,0.048333276486042,43.0,19.40455913543701,-0.16772095548609892,-0.46759667007093286,-1.1803015852900895,-0.20645016133115876
abl_A2_none,0.04493878937069047,0.06697437874769617,0.22996387648176828,0.026072270349546,0.8366082601169083,0.9003992148640899,0.0281447975031333,0.0428419141047981,0.048194938242949,35.0,15.538154395421346,-0.1829215845403572,-0.4773682484829434,-1.1803015852900895,-0.192365665676255
abl_A2_none,0.044303677194455555,0.06548416491498969,0.22671383659210873,0.02556427402086514,0.8503329187615394,0.9015632081468544,0.0262629481317901,0.0421874717195072,0.0479647252875263,32.0,14.441061286131541,-0.1748671722598374,-0.46204057913045715,-1.1803015852900895,-0.11882370061876786
abl_A3_prior-0.45,0.04473179173169916,0.06656157533241251,0.22890461386807484,0.026252994792316374,0.8106449280639402,0.9014134939895242,0.0257462467088222,0.0429818299660521,0.0483893808726417,43.0,19.345116448402404,-0.4500000278155009,-0.6833752117600018,-1.1803015852900895,-0.40422903536149357
abl_A3_prior-0.45,0.0451824252380235,0.06723120681503353,0.23121062676780166,0.026268770545559792,0.8312490510304085,0.900036639988146,0.0286796086293489,0.0431743520617448,0.04848083095892,35.0,15.751446576913198,-0.4500000278155009,-0.6523230757951629,-1.1803015852900895,-0.33901554494113273
abl_A3_prior-0.45,0.04437845484912188,0.06562995510221163,0.22709649397078074,0.025628106464629475,0.8488597847748865,0.9019080775039351,0.026390479824203,0.0422047778317071,0.0480916906327629,32.0,14.45064313809077,-0.4500000278155009,-0.6724146125898066,-1.1803015852900895,-0.304729692506496
abl_A3_prior-0.76,0.044597279706445093,0.0664463441796465,0.22821627964292074,0.02611499658708692,0.8167428460187066,0.9013319310085888,0.0266883105154276,0.0427685155264538,0.0485267794122521,43.0,19.027465538183847,-0.7600000103314718,-0.8456158430911234,-1.1803015852900895,-0.5258514137436021
abl_A3_prior-0.76,0.04490999328243575,0.0669178096109051,0.2298165191502669,0.026130898070796663,0.831175989296337,0.9002702143069657,0.0273378014245967,0.0429228169034619,0.0483339372948274,35.0,15.777160052458445,-0.7600000103314718,-0.8566579596722822,-1.1803015852900895,-0.5405846761336618
abl_A3_prior-0.76,0.044367457653959164,0.06564572327294375,0.22704021836421767,0.02555411299709995,0.8558372993717642,0.9018390196267841,0.0265001551119403,0.042063204770132,0.0484174450890626,30.0,13.547200604279835,-0.7600000103314718,-0.9184462156981569,-1.1803015852900895,-0.5421683270971849
abl_A3_prior-1.48,0.04514905274116962,0.06719850314877585,0.23103985072216568,0.0265010244250786,0.8110337973586398,0.9015409043867014,0.0264984811951086,0.043248880909263,0.0490798166160094,43.0,19.35812929471334,-1.4799999793370564,-1.2040855550848202,-1.1803015852900895,-0.7265960655467034
abl_A3_prior-1.48,0.04643828528079487,0.06911433371349009,0.23763720050951936,0.026968272733056704,0.8316184054645417,0.9015262387077739,0.0286415825196658,0.044698581408146,0.0499352967302171,30.0,13.298855268955231,-1.4799999793370564,-1.2062696548667802,-1.1803015852900895,-0.7958509901127885
abl_A3_prior-1.48,0.045578483464114604,0.0673451346473028,0.2332373632744999,0.026466555142769636,0.8377767718898429,0.9010460884989975,0.0281355357365073,0.04370242595438,0.0489977744199128,32.0,14.437364447116853,-1.4799999793370564,-1.2937154613302937,-1.1803015852900895,-0.7824405156966727
abl_A5_noprice,0.044274744223965774,0.06617843907500173,0.22656577879738088,0.025930567046195636,0.8175612802319698,0.9015615861227362,0.0248448850476496,0.0423987095464371,0.0480778716554817,43.0,19.342638754844664,,-0.40917164032904074,-1.1803015852900895,-0.12177321718449806
abl_A5_noprice,0.04485071907676233,0.06675046761944024,0.22951319709146378,0.02605190012301655,0.8296619216997158,0.9004480507367084,0.0280252248585384,0.0428663698405609,0.0480004404130071,35.0,15.733137305577596,,-0.3641332514371364,-1.1803015852900895,-0.07130077963651249
abl_A5_noprice,0.044318999983457216,0.06560826981535882,0.2267922474261939,0.02551345920035394,0.8567713948317985,0.9021928282300484,0.0261794865967058,0.04215592540474,0.0482942250818057,30.0,13.532392545541127,,-0.4498440341471002,-1.1803015852900895,-0.19444811522962469
abl_A6_priceinput,0.04446978769387634,0.06622852850580836,0.22756386871148845,0.0258176186789973,0.8324204186365967,0.899817536338984,0.0265009950869171,0.0425893008097291,0.0477133359196222,31.0,14.084735663731893,,-0.49420386390737026,-1.1803015852900895,-0.28455025172204973
abl_A6_priceinput,0.04402575055276142,0.06541466915309668,0.22529161118736232,0.025685941101345457,0.8224856887056079,0.9006859322567843,0.0248161049848724,0.0419267005070521,0.0474357248293354,40.0,18.11111778418223,,-0.5428435920045146,-1.1803015852900895,-0.2559668280212372
abl_A6_priceinput,0.044085955929693964,0.06547730921469508,0.22559969830004017,0.025392259368840497,0.8551661785571664,0.9014336295585735,0.02717820720393,0.0417972065563507,0.0474464654227825,30.0,13.634357118606568,,-0.4794172974439684,-1.1803015852900895,-0.1002074525318268
base_agcrn_price,0.052069269221692506,0.0755364928869886,0.2664524604128039,0.030556851402901264,0.8074720973191817,0.9043075992405202,0.0467020946646933,0.0512336942286873,0.0528401901110994,29.0,16.729894848664603,,-0.3596332464366087,-1.1803015852900895,-0.06623308076471393
base_agcrn_price,0.05142097881596046,0.0747767101869541,0.2631349839770609,0.030124884585038036,0.8048361632261015,0.905355633749811,0.045681476130728,0.0508994965328269,0.0527949733293919,32.0,18.708691386381783,,-0.38102138872101765,-1.1803015852900895,-0.17239937653889625
base_agcrn_price,0.050478055906821764,0.07327149820227945,0.25830979374729424,0.029288356110296992,0.8266832876162027,0.9050593267779469,0.0449745865908138,0.0499828400528586,0.0521867563682275,29.0,15.930705455938975,,-0.34851207899553044,-1.1803015852900895,-0.11331317898771227
base_agcrn_price,0.05091814738995089,0.07385095257954845,0.26056186027788464,0.029498282345252064,0.8255797460497877,0.9052008570186666,0.0462922257073741,0.0501311641123198,0.0519909409868328,30.0,16.517269750436146,,-0.36406072602522216,-1.1803015852900895,-0.17984388743193316
base_agcrn_price,0.05164145250031532,0.07522390468314653,0.2642632071407568,0.030139625187161175,0.8196143863552094,0.9046889378518871,0.0461285984876259,0.0508955254320029,0.0530965252946321,32.0,17.147604993979137,,-0.3857895439972899,-1.1803015852900895,-0.09378227519436562
base_agcrn,0.051448667248543925,0.07457153629108303,0.26327667313646563,0.029900700125943175,0.8248431790564612,0.905635574566953,0.0456087203938017,0.0507539190553449,0.0525926170357618,29.0,16.648043338457743,,-0.30464169763220517,-1.1803015852900895,-0.09622595826534927
base_agcrn,0.05061159658877826,0.07385081994901957,0.25899315734744416,0.02953710914413102,0.8230390063984944,0.9050071755565684,0.0452303868884334,0.0495008960060188,0.051825219221344,33.0,18.897470219930014,,-0.30868755139709414,-1.1803015852900895,-0.08945774549348329
base_agcrn,0.05087223991786221,0.07415772323588808,0.26032693939130025,0.029769800430813998,0.8099680955828351,0.9035866106351822,0.0461791771138802,0.049765904083528,0.0522864811469683,33.0,18.923375256856282,,-0.37251420919001466,-1.1803015852900895,-0.07779337520854637
base_agcrn,0.04967232839003347,0.07218719167612056,0.2541866692541028,0.028759635890687796,0.8339568569270377,0.9042086478020487,0.044148884543861,0.048854491678572,0.0513347407738513,30.0,17.305772535006206,,-0.27375378478161877,-1.1803015852900895,0.05882056431088499
base_agcrn,0.05192899699095215,0.07554989240415418,0.26573464966633026,0.030125570181737487,0.8118515176135895,0.9045602320404593,0.0467362215962924,0.0512030869212603,0.0530138053319713,32.0,18.546008988221487,,-0.29419346353573184,-1.1803015852900895,-0.021739046658825343
base_astgcn,0.04930202817088043,0.07221746457738076,0.2522917433993796,0.028743893713472468,0.8717542860107484,0.900128002441455,0.0304530218543419,0.0469543576065817,0.0516461830282049,30.0,7.96836109161377,,-0.41716681375299197,-1.1803015852900895,-0.2017562434541367
base_astgcn,0.05030604984469805,0.07536539487751502,0.25742959244729813,0.029824275088369722,0.894544311346749,0.8992132686754385,0.0334403291421947,0.0490779647697219,0.0521633685437134,26.0,6.897153230508168,,-0.4026047317058317,-1.1803015852900895,-0.08007727916065133
base_astgcn,0.0482374270948838,0.07170654197862125,0.24684389325096148,0.028557184492827882,0.8680467004892518,0.899125319898233,0.0277952149004842,0.0457624577059596,0.0510946649093014,33.0,8.486115276813507,,-0.5003182266097578,-1.1803015852900895,-0.10855256648172376
base_astgcn,0.04969585513855576,0.07323400134164944,0.2543070619564199,0.029377473955769815,0.8676028564044203,0.899497640298128,0.0312411434764416,0.046582435489185,0.0518758818379383,34.0,9.001787185668945,,-0.510983244196514,-1.1803015852900895,-0.09443589675034811
base_astgcn,0.0488531936417751,0.07302743401247005,0.24999493635011694,0.028720929604673557,0.8955821687483311,0.8996276745514254,0.0336809811093565,0.0465181071744254,0.051824702494303,24.0,6.404450623194377,,-0.44908910564658616,-1.1803015852900895,-0.2889470585631682
base_fcnn,0.04440901762646079,0.0680859302021173,0.22725289192567288,0.026607423118554813,0.8965969414977798,0.8993288844317329,0.024237681177155,0.0416773481927899,0.0479848696220207,69.0,4.480530969301859,,-0.6303985517936892,-1.1803015852900895,-0.3586804354686953
base_fcnn,0.0438928205769863,0.06724808658366101,0.22461137273505966,0.026165274305153127,0.8962294909524823,0.8999146717412921,0.0230725630875368,0.0413705084852534,0.0472905783245271,100.0,6.450103370348613,,-0.6932661022622484,-1.1803015852900895,-0.3901433554737183
base_fcnn,0.04387931039706884,0.06725720622832697,0.22454223750936061,0.026197527682458262,0.8963582414349991,0.8992070056115162,0.0234447070506485,0.0415775205844363,0.0476136557109329,100.0,6.4400607744852705,,-0.6758403838288914,-1.1803015852900895,-0.42320856140676055
base_fcnn,0.04338433678036456,0.06628397211432308,0.22200932433462883,0.025875949672308638,0.8996712459952888,0.8996409827657624,0.0219038387503646,0.0407958472119658,0.0470206861685949,100.0,6.462460060914357,,-0.7730747739232944,-1.1803015852900895,-0.3717595689940255
base_fcnn,0.04419335717378709,0.06781956055100377,0.22614929936354208,0.026338111525393053,0.8928619875742695,0.8999008075351309,0.0228849500198171,0.0416200782065405,0.047917805737186,100.0,6.465598841508229,,-0.7091457764442847,-1.1803015852900895,-0.3439665877832478
base_gcn,0.05279055927454896,0.07730894603865493,0.2701434956842345,0.03085940006116534,0.865976697352595,0.9015673619177925,0.0393588336047253,0.0516244928520433,0.0537093868697972,19.0,1.3559534231821695,,-0.2781495373534613,-1.1803015852900895,-0.2508515442350938
base_gcn,0.050586521129966894,0.07511100652913676,0.2588648394778804,0.02971914042795942,0.8453992288298271,0.9016684472785025,0.0345541867346168,0.0483275826839579,0.0522226227843626,24.0,1.6803330302238464,,-0.39732093603548835,-1.1803015852900895,-0.19565158063487803
base_gcn,0.05341528633321751,0.07854983867551936,0.2733403921330777,0.03079672485524017,0.8725213152254466,0.900962371010305,0.0333226102593115,0.0512695230530529,0.0532082501320882,22.0,1.5351290186246236,,-0.49211856251535385,-1.1803015852900895,-0.3715711696463313
base_gcn,0.05071436694557942,0.07572137759072563,0.2595190609146823,0.029670438782516316,0.8746788972485474,0.8987112700822104,0.0343561671006375,0.0488077230388021,0.0518186438057259,22.0,1.552976620197296,,-0.41621590588593155,-1.1803015852900895,-0.2734393325990945
base_gcn,0.05210474819844323,0.07747026734282936,0.2666340158828434,0.030490086509095213,0.8725470177247291,0.8992310915986805,0.0361498750331939,0.0507165965287328,0.0524850930435192,22.0,1.5603140989939372,,-0.38264842702015445,-1.1803015852900895,-0.259117074081479
base_gcnlstm,0.0518311720287753,0.0755897823638031,0.2652340530139971,0.030222678409079287,0.8699463055751101,0.9016829256368278,0.0378548286584103,0.0503153581586782,0.0521469609320508,20.0,1.6442596872647604,,-0.32608078911184807,-1.1803015852900895,-0.15685965028371113
base_gcnlstm,0.05276589075562416,0.07673608149882236,0.27001726023556194,0.031164814096271684,0.8464399420646628,0.9025613125100868,0.0413332352037196,0.0506853617278116,0.0533423813932247,22.0,1.8024655739466349,,-0.30210349686882826,-1.1803015852900895,-0.07839113090804803
base_gcnlstm,0.05440354385816692,0.08038630488535481,0.2783975717897212,0.03171881401421693,0.8576252889746273,0.8986257688432379,0.037926148569928,0.0512571397093479,0.0563440629784115,20.0,1.6218085447947184,,-0.2690266527716605,-1.1803015852900895,-0.12668695674691227
base_gcnlstm,0.05194785545095401,0.07728383037804923,0.26583115348023434,0.030370237279562482,0.904944542098076,0.8987599641268025,0.0372141090953112,0.0509726439221078,0.0528702921209331,19.0,1.5591087659200034,,-0.2478111991268194,-1.1803015852900895,-0.2227469090141361
base_gcnlstm,0.051713261791033055,0.07602224740147334,0.26463067460243317,0.0303373286505682,0.8666083124738513,0.898702320987681,0.0347119907295887,0.0497672593455178,0.0524377719729549,21.0,1.5930382450421652,,-0.31845037232356915,-1.1803015852900895,-0.20581297787958958
base_gwn_blind,0.04448490413831248,0.06646362670125582,0.22764122362491257,0.026047337373403652,0.8164682100541514,0.9013149576408539,0.0255087366084436,0.0425912291406776,0.0485365880743632,43.0,19.29980612595876,,-0.4228373129726507,-1.1803015852900895,-0.12527391750620173
base_gwn_blind,0.044909087160718016,0.06682005560604681,0.22981188228163532,0.02606462274052929,0.8335682256184426,0.9006259041223276,0.0284457271000141,0.0429101141795212,0.0481368183538857,35.0,15.758154650529226,,-0.39428725101206075,-1.1803015852900895,-0.09635388267360899
base_gwn_blind,0.04433208175665898,0.06561652077622492,0.22685919037946123,0.025513667888900905,0.85704103308816,0.9020585971019717,0.0261898349159343,0.0421815605037018,0.0482784544129011,30.0,13.524994178613026,,-0.4645209415799018,-1.1803015852900895,-0.21994316465578428
base_gwn_blind,0.04443813378106427,0.06631472805011733,0.22740188712279819,0.025715514133921907,0.8430086584104527,0.9001638560229487,0.0268854666910017,0.0426237095602167,0.0478762126976307,30.0,13.534868061542511,,-0.44740449025832085,-1.1803015852900895,-0.20858527276325925
base_gwn_blind,0.04393367061250007,0.06528899228729158,0.2248204133579317,0.02563402523086897,0.8228481415427116,0.9003826834085209,0.024237469644608,0.0421755663105538,0.046944433254272,36.0,16.23320242166519,,-0.385585845209388,-1.1803015852900895,-0.07341311007726599
base_lstm,0.04359461697793162,0.06631695137869513,0.2230853846837626,0.025845951747334978,0.903516625471272,0.9005212596956905,0.0229761384867395,0.0411422958702279,0.0469884984577869,86.0,6.9430415232976275,,-0.6713764151151074,-1.1803015852900895,-0.3079788489607326
base_lstm,0.04436134100016553,0.06721045587936654,0.22700891780100318,0.026114977120355733,0.8922439376609679,0.8987256274778074,0.0252298224645803,0.0416412517457548,0.0476391924855535,93.0,7.47739543914795,,-0.6102231333593673,-1.1803015852900895,-0.2290788388598628
base_lstm,0.04413096870210713,0.0670364236771436,0.22583004076765623,0.026209234432356687,0.8871917306492308,0.8991032811414001,0.0240456879835237,0.041482479790918,0.0475975731854712,74.0,5.921191362539927,,-0.6677451944885611,-1.1803015852900895,-0.26476337423265595
base_lstm,0.0442924797059788,0.06768618174262304,0.2266565360307666,0.02616545050423343,0.8883880867963881,0.8984385927349511,0.0253045138656193,0.0419215285949509,0.0475660147803946,74.0,5.9752923806508385,,-0.5844005858396936,-1.1803015852900895,-0.2509810053050097
base_lstm,0.04437408721331913,0.06781063140070766,0.227074143603218,0.026234951836670285,0.8712714122047842,0.8990312784733566,0.0240023497422916,0.0420974453992217,0.0479730482702671,81.0,6.510716613133749,,-0.6090657124439124,-1.1803015852900895,-0.31553177589670744
base_stgcn_price,0.055032207675028075,0.07906347737897877,0.2816146136894637,0.03177793997368616,0.8531718550017302,0.9035739063855225,0.052059308413379,0.054240909573537,0.0563956859563403,23.0,4.38972286383311,,-0.2720068901199419,-1.1803015852900895,-0.23412566121424203
base_stgcn_price,0.052517806143794275,0.07624510429705662,0.2687477445269549,0.030452648392245166,0.8203890311252506,0.9019652998550237,0.0474036570939359,0.0513954179249675,0.0537607171417014,28.0,5.302547029654185,,-0.38627041885238766,-1.1803015852900895,-0.29561647053646767
base_stgcn_price,0.05071573914954269,0.0737434061640943,0.2595260828515688,0.029073602217745804,0.856640740460446,0.9011926363169759,0.0442166779942792,0.049214235201174,0.0523874495078016,26.0,5.117620567480723,,-0.4224225090078779,-1.1803015852900895,-0.27042782623042927
base_stgcn_price,0.05104955424183147,0.07431702304706685,0.26123430449540586,0.029455600017425105,0.8601350904323398,0.9033449584462993,0.0447611697128049,0.049497934561684,0.0528157193039011,24.0,4.726494077841441,,-0.39072182761824514,-1.1803015852900895,-0.34702150629625156
base_stgcn_price,0.05098849282084967,0.07390189749069305,0.2609218367749999,0.029367853318761298,0.8390757000480256,0.9041255101140605,0.0457907156910179,0.0494147673287217,0.0529241273171423,27.0,5.122178049882253,,-0.44812292912244095,-1.1803015852900895,-0.34438460085456885
base_stgcn,0.0512353918186239,0.07403359519846192,0.2621852853774818,0.029591710398276842,0.8738576072020307,0.9048002918750937,0.0456261865369517,0.0499044052751458,0.0519536056848148,23.0,4.410324807961782,,-0.1847101532625366,-1.1803015852900895,-0.10960883602130397
base_stgcn,0.05240576054871474,0.07566579450755025,0.2681743770698422,0.030689309892965456,0.8267101800460075,0.9020155773332114,0.0470137016487782,0.0515332293099247,0.0542542227796625,28.0,5.338558741410574,,-0.29005882011768896,-1.1803015852900895,-0.11599028633804837
base_stgcn,0.051961671188771236,0.07532441481223218,0.26590185232792013,0.029999108352491814,0.8345189801057896,0.9023653715015132,0.0451774671610447,0.050509218917576,0.0529635142311906,26.0,4.964912700653076,,-0.31456335768041926,-1.1803015852900895,-0.26195234064942496
base_stgcn,0.05128777819625124,0.07376248740954756,0.2624533605669278,0.029749340971841814,0.8296300315617172,0.9051488460161484,0.0459758140118168,0.0499525810947229,0.0525786397658955,30.0,5.723666175206502,,-0.30016345971935177,-1.1803015852900895,-0.16360399791729885
base_stgcn,0.05184445681137943,0.0749373634473808,0.2653020348209983,0.030098990301860164,0.835288627167637,0.9028001014283986,0.0464425590574364,0.0502014668767541,0.0532908004597485,28.0,5.336532608668009,,-0.2517182059573315,-1.1803015852900895,-0.15122612301691446
baseline_naive_last_utilization,0.07983557566314546,0.12771748281881376,0.4085401213016336,0.05114319192774028,0.9086092901207684,0.894121804839195,0.021898206726375,0.0773756629574762,0.051355724387073,,0.049340256055196124,,,,
baseline_naive_seasonal_utilization,0.05123764400477168,0.07910895534774237,0.2621968104199753,0.032818978845952716,0.924890633485692,0.8936192724861859,0.0511363927481571,0.0511729272028704,0.051355724387073,,0.0502843181292216,,,,
baseline_profile_utilization,0.05844671083847754,0.08423680718291238,0.2990875450861921,0.03696613113846099,0.8537166051948559,0.9109499734410642,0.059168017392444,0.0587543466071559,0.0578930105408253,,0.04973139762878418,,,,
eid_init-0.05,0.04439848753640393,0.0663346833493017,0.22719900662161624,0.025991885200260384,0.8173316236411589,0.9014024633945291,0.0249228479348037,0.0424366567568683,0.0483050139959047,43.0,19.11693732738495,-0.08990090449030201,-0.4229293058246063,-1.1803015852900895,-0.18315105930717976
eid_init-0.05,0.04510720231575037,0.0670422255638718,0.23082569083498147,0.026205787503187784,0.8298880084989597,0.9003011644406086,0.0285610597370768,0.0430200239200228,0.0483737277947938,35.0,15.863324228922526,-0.07077204932769139,-0.4274119039260216,-1.1803015852900895,-0.15998303382279586
eid_init-0.05,0.04438524323019509,0.06573275193288822,0.2271312319432204,0.025548725317189193,0.8572652159985683,0.9022699866550502,0.0262049107934374,0.0421415935670083,0.0483906035022904,30.0,12.593584926923116,-0.06253660408159097,-0.5056779790174152,-1.1803015852900895,-0.2497990287882462
eid_init-0.3,0.04419108766980034,0.06567728586826066,0.22613768570100706,0.0258531313882224,0.8178861312645678,0.901553239071372,0.0249672707614683,0.0423234082424712,0.0477599498177691,43.0,19.447961060206094,-0.2255740718295177,-0.5684410167500583,-1.1803015852900895,-0.272085168275604
eid_init-0.3,0.04513637019544982,0.06708039349666096,0.23097495072334007,0.02620757571659498,0.8329132878589485,0.9006221136885816,0.0286242409337478,0.0431485433419883,0.0481751106726344,35.0,15.589209628105163,-0.23983526850740114,-0.49797532634357095,-1.1803015852900895,-0.20213877514116943
eid_init-0.3,0.04478419223366432,0.06619251721457356,0.22917276133555778,0.02593615064578179,0.8385392793685562,0.9017956173416732,0.02590902887808,0.042643217674344,0.0483593578973494,33.0,14.96986041466395,-0.2408991518119971,-0.5660860264686647,-1.1803015852900895,-0.2269024348049897
eid_init-1.0,0.044339814965522306,0.06620831527213125,0.22689876328991918,0.025994531963186036,0.8159672493042476,0.9022128813719132,0.0255640471564937,0.0426179672264472,0.0479712351319529,43.0,19.44118504524231,-0.4221186836560567,-0.6619856367288994,-1.1803015852900895,-0.405601363442419
eid_init-1.0,0.04505476156058756,0.06702457659007642,0.23055733738105563,0.026182779077695884,0.831944922399871,0.900790087702521,0.0280871146280753,0.0430537223499895,0.0484697737144812,35.0,15.400464948018392,-0.5004758511980375,-0.6492680529746724,-1.1803015852900895,-0.3370371583975177
eid_init-1.0,0.04449159223878292,0.06587635322138727,0.22767544843452625,0.025632083830111212,0.8553882195926344,0.902042639236525,0.0262904106198301,0.042215209565701,0.0484736561115929,30.0,13.600294955571492,-0.5766245474418005,-0.7907602366710008,-1.1803015852900895,-0.41902376808971076
eid_init-2.0,0.04452002574334491,0.06646729038556379,0.22782095032771482,0.026129163183752562,0.8147563760047178,0.9015428994543148,0.0256377274921939,0.0424206373638661,0.0482439400659668,43.0,19.471305306752523,-0.7842719554901123,-0.7591402029780407,-1.1803015852900895,-0.4083946528632657
eid_init-2.0,0.04467896144224976,0.0665457143498904,0.2286342670623961,0.026010262107915787,0.8327298005724042,0.9009396427121886,0.0270771104379233,0.0426926405458466,0.0480045575874773,35.0,15.470788649717967,-0.9874555617570877,-0.9052343182886939,-1.1803015852900895,-0.5118765049932716
eid_init-2.0,0.04474293057951286,0.0664825399967623,0.22896161434936618,0.025871484472769476,0.845982294785772,0.9018771188714223,0.0266788678967875,0.0425278023429073,0.0487282061333405,30.0,13.610810307661692,-1.154692421356837,-1.095851797422117,-1.1803015852900895,-0.6924878926240204
eid_profile-0.05,0.044148917778704576,0.0659858198469119,0.22592189102200042,0.02582384863745744,0.8202483813375104,0.9017455468164958,0.024647217388705,0.0422339876297568,0.0480837230762543,43.0,19.355058224995933,-0.04999999701976776,-0.4192137711393175,-1.1803015852900895,-0.17510510838846688
eid_profile-0.1,0.044597321105616344,0.0665823348215997,0.22821649149361892,0.0261251292846019,0.8155115059141926,0.9015304178109739,0.0256172169022533,0.0428698205882282,0.0484782777634263,43.0,19.32291579246521,-0.09999999403953552,-0.4392653209490896,-1.1803015852900895,-0.1812902764689028
eid_profile-0.2,0.04475834553988782,0.06674829485391412,0.22904049684916825,0.026263316873206665,0.8133034708369448,0.9013534647970914,0.0257626697550142,0.0431028894555858,0.0485434875664186,43.0,19.339341763655344,-0.19999998807907104,-0.5150064039874598,-1.1803015852900895,-0.2402760982116542
eid_profile-0.4,0.0449352844908913,0.06679349581517813,0.22994594106880972,0.02638286316131477,0.8095504299694949,0.9014515469591329,0.0261586279180468,0.0432084293671786,0.0487132248212406,43.0,19.36129497687022,-0.3999999761581421,-0.645193447150909,-1.1803015852900895,-0.333919301277264
eid_profile-0.8,0.04384489243650922,0.06545618263527347,0.22436611154464894,0.02564526803765685,0.8220468423289701,0.9018633173034446,0.0246971195123893,0.0418217978365563,0.0475753522364272,43.0,19.358966100215913,-0.7999999523162842,-0.915395803555135,-1.1803015852900895,-0.5379493324007522
eid_profile-1.2,0.04497040693333195,0.06700277373110487,0.23012567205685516,0.02638848278788464,0.8120999751066534,0.9019641938789601,0.0265168815921965,0.0431548214318836,0.0486678044929107,43.0,19.34328494866689,-1.2000000874201457,-1.1110441508147038,-1.1803015852900895,-0.6500443911830724
eid_profile-1.6,0.045313952528042,0.06746362716230851,0.23188368729967976,0.026578181411555112,0.8126513889107043,0.9014608352488486,0.0270150594360465,0.0433965750232146,0.0492023297547426,43.0,19.3556308110555,-1.5999999046325684,-1.243052316619183,-1.1803015852900895,-0.7834893496640926
eid_profile-2.0,0.04549942960384411,0.06754979244061848,0.23283282340119152,0.02669179813490932,0.8128458235580541,0.901291599669095,0.0277847615962838,0.0435554599288083,0.0492270877208971,43.0,19.340275120735168,-2.0,-1.4268069630268474,-1.1803015852900895,-1.01439871828809
eid_profile-3.0,0.04634991930751054,0.06908632753567837,0.23718500804839351,0.027158505861807743,0.8156857117426628,0.9018546766487261,0.028840324889334,0.0442108438052358,0.0501397603427084,43.0,18.995623910427092,-3.0,-1.7931705186153055,-1.1803015852900895,-1.1877174040214835
eps_pag_paper-0.1,0.05582286717641825,0.08474351380406009,0.20481749735943572,0.03566564362644894,0.9057655941584882,0.8963694931342419,0.0365151394008344,0.0539352694845213,0.0590539230266978,100.0,12.380237865447999,,-0.23758261197906277,-0.5070592089339515,-0.10249141952793439
eps_pag_released-0.1,0.05478456326977042,0.08360985589971591,0.2010078971290131,0.03506067894142823,0.9057341799926986,0.8965762590152515,0.0323392303501996,0.05290374257932,0.0582459206946352,100.0,4.488881687323253,,-0.26728851588362895,-0.5070592089339515,-0.10557810445251717
full_fcnn,0.04440901762646079,0.0680859302021173,0.22725289192567288,0.026607423118554813,0.8965969414977798,0.8993288844317329,0.024237681177155,0.0416773481927899,0.0479848696220207,69.0,2.9675737818082175,,-0.6303985517936892,-1.1803015852900895,-0.3586804354686953
main_A0,0.04480521375229567,0.06672814070229859,0.22928033410246348,0.026324175312223107,0.8089135791539404,0.9013696714525458,0.0259365621677853,0.0431676186101581,0.0485017636214246,43.0,17.91169039408366,-0.21305660903453827,-0.5348080613917809,-1.1803015852900895,-0.25887597960557773
main_A0,0.045213134676265906,0.06726217759875912,0.2313677752259977,0.02625581121427571,0.8321702952408014,0.9003630963751039,0.0289034438917806,0.0432180047495404,0.0484244298302381,35.0,15.465483434995015,-0.21305660903453827,-0.5069168038364177,-1.1803015852900895,-0.22772287526975193
main_A0,0.04437729119487467,0.06564418342529728,0.2270905392389039,0.025561719036775607,0.8548589384962991,0.9019502446860717,0.0261757173360137,0.042096842404839,0.0483535158057683,30.0,12.444220809141795,-0.21305660903453827,-0.5846380158566559,-1.1803015852900895,-0.28315736732967023
main_A0,0.04453329343563746,0.06637906322601421,0.22788884467899329,0.02581554397836605,0.8371525343378251,0.900272703648937,0.0270159000903224,0.0427171067498934,0.0479444823786115,30.0,13.273404773076376,-0.21305660903453827,-0.5598671661683304,-1.1803015852900895,-0.2992655340986834
main_A0,0.04374756861154025,0.0652319349880809,0.22386807934624497,0.025410712639620425,0.837768204390082,0.900343976365042,0.0239107716598744,0.0416843790763976,0.0468911954318857,32.0,14.404798603057861,-0.21305660903453827,-0.5476624638483489,-1.1803015852900895,-0.1828233388222737
pilot_main,0.043755122048817124,0.06521755233190316,0.22390673231712552,0.02546403867588977,0.8291821417131097,0.9011675055621007,0.0240899766823172,0.0418169279518845,0.0473469434889742,43.0,18.30053576628367,-0.21305660903453827,-0.5502054816597355,-1.1803015852900895,-0.22625113576158246
sens_lag,0.04486913420926042,0.06671483248251911,0.22960743227924899,0.02631387225347007,0.8115154812340817,0.9013065651087335,0.0264621337616196,0.0432607029573878,0.0484893186773081,43.0,19.431070220470428,-0.35928604006767273,-0.5102407878095918,-1.1803015852900895,-0.2526672089235756
sens_lag,0.04490954926200885,0.06684622548669125,0.22981424697827396,0.026092865647502683,0.8318390185833829,0.9001238655494422,0.0282567261186562,0.0428450917972454,0.0480906499233759,35.0,15.01112649043401,-0.35928604006767273,-0.5009823751340913,-1.1803015852900895,-0.20718617437608652
sens_lag,0.044446485192139715,0.06578049659073897,0.2274446235403096,0.02560555797958262,0.8560836149898879,0.9019626625921234,0.0262006953545303,0.0421625949593211,0.048486082078738,30.0,13.272905651728312,-0.35928604006767273,-0.5862489132950525,-1.1803015852900895,-0.2604491651862457
