scenario,rho,variant,predictor,fact_MAE_treated,CF_MAE,effect_MAE,implied_beta,true_implied_beta,elasticity_MAE
flat,0.0,A0cells,model,0.0455555803522754,0.045104076508632,0.01891040906234907,-1.3689931087030627,-1.101692701495999,0.273444958086367
flat,0.0,A0cells,plugin_P0,0.0455555803522754,0.045104076188794986,0.018910413800135546,-1.3689933960616958,-1.101692701495999,0.273444958086367
flat,0.0,A0pooled,model,0.04508298697716954,0.04468762925406884,0.02487735836325207,-1.2890216209706813,-1.101692701495999,0.42221002313825823
flat,0.0,A0pooled,plugin_P0,0.04508298697716954,0.044687629158025446,0.02487736550376009,-1.2890217861183364,-1.101692701495999,0.42221002313825823
flat,0.0,A1free,model,0.04491638701171235,0.044726250159871916,0.008876584641677948,-1.2391598874627225,-1.101692701495999,0.13586149370228803
flat,0.0,A1free,plugin_P0,0.04491638701171235,0.044826261159859805,0.018914883788766323,-1.3689540563683416,-1.101692701495999,0.13586149370228803
flat,0.0,A2none,model,0.04476584961530641,0.044675476329781964,0.00989037578390762,-1.1027716165580255,-1.101692701495999,0.10119482422316517
flat,0.0,A2none,plugin_P0,0.04476584961530641,0.045009401871940385,0.018916340725960556,-1.3690374943595371,-1.101692701495999,0.10119482422316517
flat,0.0,A5blind,model,0.046654028262834435,0.04479193679935169,0.06496995455005244,0.0,-1.101692701495999,
flat,0.0,A5blind,plugin_P0,0.046654028262834435,0.047424360574548324,0.01891771594149288,-1.3693550906753287,-1.101692701495999,
flat,0.0,A6input,model,0.045009167677342865,0.0446543601521199,0.027112776042591245,-1.091997032799975,-1.101692701495999,
flat,0.0,A6input,plugin_P0,0.045009167677342865,0.04485807811838137,0.018913374290340075,-1.369234111226553,-1.101692701495999,
flat,0.5,A0cells,model,0.04614926880202757,0.04568282399004401,0.021632857171489873,-1.2353872131218486,-1.0634068761513322,0.27480904158250785
flat,0.5,A0cells,plugin_P0,0.04614926880202757,0.04568213094072187,0.02163214521348304,-1.23539770926165,-1.0634068761513322,0.27480904158250785
flat,0.5,A0oracle,model,0.044691220404972025,0.04463735317761412,0.0002174755827901863,-1.102286934978564,-1.1007103614498739,3.3665586275500994e-09
flat,0.5,A0oracle,plugin_P0,0.044691220404972025,0.0446373528087575,0.00021748759371940975,-1.1022875046617335,-1.1007103614498739,3.3665586275500994e-09
flat,0.5,A0pooled,model,0.04645779215113347,0.04592824053263439,0.026417103759901653,-1.1294020036409005,-1.0634068761513322,0.4511910997791055
flat,0.5,A0pooled,plugin_P0,0.04645779215113347,0.04592422655269529,0.026415628644436428,-1.1294640240456781,-1.0634068761513322,0.4511910997791055
flat,0.5,A1free,model,0.04587072524293257,0.04569302065424103,0.01837111835152763,-1.0526808766978073,-1.0634068761513322,0.14987994572262706
flat,0.5,A1free,plugin_P0,0.04587072524293257,0.0456209962913419,0.0216326960965621,-1.2355009587847894,-1.0634068761513322,0.14987994572262706
flat,0.5,A2none,model,0.045761182062063276,0.0458544740257075,0.01954954188730646,-0.9030524100462584,-1.0634068761513322,0.15368981458890588
flat,0.5,A2none,plugin_P0,0.045761182062063276,0.04571057438578682,0.021634486825312105,-1.2355153209820104,-1.0634068761513322,0.15368981458890588
flat,0.5,A5blind,model,0.04704774131192396,0.04675787731869311,0.06206565205692901,0.0,-1.0634068761513322,
flat,0.5,A5blind,plugin_P0,0.04704774131192396,0.047500214032880024,0.02163673749394406,-1.2359701400722989,-1.0634068761513322,
flat,0.5,A6input,model,0.046013705464389154,0.04600968127428937,0.035666207988963826,-0.7547637894040263,-1.0634068761513322,
flat,0.5,A6input,plugin_P0,0.046013705464389154,0.046071052584835535,0.021630654112675788,-1.235756485880641,-1.0634068761513322,
flat,1.0,A0cells,model,0.044951702206443,0.04435493091034611,0.019833850629572453,-1.2912806452153507,-1.1002964070418388,0.2635436221405312
flat,1.0,A0cells,plugin_P0,0.044951702206443,0.04435493056753866,0.019833845414715764,-1.29128077845088,-1.1002964070418388,0.2635436221405312
flat,1.0,A0pooled,model,0.04494074530411293,0.04437175790588218,0.026338423717125588,-1.154535196484612,-1.1002964070418388,0.4474009769934195
flat,1.0,A0pooled,plugin_P0,0.04494074530411293,0.044371758195195746,0.02633843562719556,-1.1545351470048482,-1.1002964070418388,0.4474009769934195
flat,1.0,A1free,model,0.04471522183714902,0.044498832043103356,0.02256531053839786,-1.1041522373396604,-1.1002964070418388,0.18640010091993542
flat,1.0,A1free,plugin_P0,0.04471522183714902,0.04419315925468787,0.019834568437551575,-1.291360223031182,-1.1002964070418388,0.18640010091993542
flat,1.0,A2none,model,0.044480831763041594,0.04505194297643216,0.027984936428611357,-0.8341348832025239,-1.1002964070418388,0.24159929939994107
flat,1.0,A2none,plugin_P0,0.044480831763041594,0.04409352957879537,0.01983506038951819,-1.2913779236914749,-1.1002964070418388,0.24159929939994107
flat,1.0,A5blind,model,0.04527105052608984,0.04626225575555146,0.06455730917327131,0.0,-1.1002964070418388,
flat,1.0,A5blind,plugin_P0,0.04527105052608984,0.04536304548728346,0.019836271180363095,-1.2918840066824746,-1.1002964070418388,
flat,1.0,A6input,model,0.04532014449770919,0.04572835032001245,0.037671233963383635,-0.6639022904708407,-1.1002964070418388,
flat,1.0,A6input,plugin_P0,0.04532014449770919,0.04515507839870528,0.01982827068110557,-1.2916070349543196,-1.1002964070418388,
spread1.5,0.0,A0cells,model,0.0455555803522754,0.04614098592383828,0.009457137416813357,-1.3685989861617969,-1.1012578678358833,0.273444958086367
spread1.5,0.0,A0cells,plugin_P0,0.0455555803522754,0.04614098572128891,0.00945716480735163,-1.3685990939886332,-1.1012578678358833,0.273444958086367
spread1.5,0.0,A0pooled,model,0.04508298697716954,0.04562706370776492,0.012436108123897666,-1.2886931693939192,-1.1012578678358833,0.42221002313825823
spread1.5,0.0,A0pooled,plugin_P0,0.04508298697716954,0.04562706375312426,0.012436115703514824,-1.2886934518525766,-1.1012578678358833,0.42221002313825823
spread1.5,0.0,A1free,model,0.04491638701171235,0.0451893572170368,0.004441607287479264,-1.2388214658955339,-1.1012578678358833,0.13586149370228803
spread1.5,0.0,A1free,plugin_P0,0.04491638701171235,0.045331083110140134,0.009459694487126857,-1.3685634970597222,-1.1012578678358833,0.13586149370228803
spread1.5,0.0,A2none,model,0.04476584961530641,0.04495126780821608,0.004947248006150825,-1.102472501475686,-1.1012578678358833,0.10119482422316517
spread1.5,0.0,A2none,plugin_P0,0.04476584961530641,0.045037497198330445,0.009460611395059548,-1.3686587313472516,-1.1012578678358833,0.10119482422316517
spread1.5,0.0,A5blind,model,0.046654028262834435,0.048815544729554954,0.03247586709030888,0.0,-1.1012578678358833,
spread1.5,0.0,A5blind,plugin_P0,0.046654028262834435,0.04667544374446099,0.0094621004169612,-1.3690648452521652,-1.1012578678358833,
spread1.5,0.0,A6input,model,0.045009167677342865,0.045529242905548814,0.01358967661265974,-1.090153072474784,-1.1012578678358833,
spread1.5,0.0,A6input,plugin_P0,0.045009167677342865,0.04546710569318031,0.0094590768130028,-1.3688721571332911,-1.1012578678358833,
spread1.5,0.5,A0cells,model,0.04614926880202757,0.04673202491845008,0.010814258244082497,-1.235141448267094,-1.0631868683541839,0.27480904158250785
spread1.5,0.5,A0cells,plugin_P0,0.04614926880202757,0.046730722457017725,0.010812897520449722,-1.2351964716706016,-1.0631868683541839,0.27480904158250785
spread1.5,0.5,A0oracle,model,0.044691220404972025,0.044820292417961365,0.00010964320566565744,-1.1020541856864006,-1.1004535449644155,3.3665586275500994e-09
spread1.5,0.5,A0oracle,plugin_P0,0.044691220404972025,0.04482029155618552,0.00010964791307814169,-1.1020533200285014,-1.1004535449644155,3.3665586275500994e-09
spread1.5,0.5,A0pooled,model,0.04645779215113347,0.04703267028194567,0.013206825914787413,-1.1293548935220816,-1.0631868683541839,0.4511910997791055
spread1.5,0.5,A0pooled,plugin_P0,0.04645779215113347,0.047030852679948394,0.013206226917140082,-1.1294329043830686,-1.0631868683541839,0.4511910997791055
spread1.5,0.5,A1free,model,0.04587072524293257,0.04618792243741466,0.009184498167827265,-1.0524987561379824,-1.0631868683541839,0.14987994572262706
spread1.5,0.5,A1free,plugin_P0,0.04587072524293257,0.04636312942601959,0.010813524966836166,-1.23531884702565,-1.0631868683541839,0.14987994572262706
spread1.5,0.5,A2none,model,0.045761182062063276,0.04593908657950951,0.009774016373387786,-0.9028558220206412,-1.0631868683541839,0.15368981458890588
spread1.5,0.5,A2none,plugin_P0,0.045761182062063276,0.04617352219412097,0.010813988136456995,-1.2353620630240987,-1.0631868683541839,0.15368981458890588
spread1.5,0.5,A5blind,model,0.04704774131192396,0.048626203289352965,0.03102981525377523,0.0,-1.0631868683541839,
spread1.5,0.5,A5blind,plugin_P0,0.04704774131192396,0.04722359476370455,0.010816896768093408,-1.2358762265705128,-1.0631868683541839,
spread1.5,0.5,A6input,model,0.046013705464389154,0.046511065109704576,0.01782347722904078,-0.754593740560663,-1.0631868683541839,
spread1.5,0.5,A6input,plugin_P0,0.046013705464389154,0.0463800862370686,0.010814857786804287,-1.2355431459554318,-1.0631868683541839,
spread1.5,1.0,A0cells,model,0.044951702206443,0.04558258267050996,0.009918336679196626,-1.2910640518141496,-1.1000879190886217,0.2635436221405312
spread1.5,1.0,A0cells,plugin_P0,0.044951702206443,0.045582582031070316,0.009918370142146396,-1.2910633467392267,-1.1000879190886217,0.2635436221405312
spread1.5,1.0,A0pooled,model,0.04494074530411293,0.0455492903379331,0.013168287866549003,-1.1543972672295708,-1.1000879190886217,0.4474009769934195
spread1.5,1.0,A0pooled,plugin_P0,0.04494074530411293,0.04554929085487117,0.013168293350381331,-1.154397894043207,-1.1000879190886217,0.4474009769934195
spread1.5,1.0,A1free,model,0.04471522183714902,0.0450944465899278,0.011283119009165617,-1.103978145905385,-1.1000879190886217,0.18640010091993542
spread1.5,1.0,A1free,plugin_P0,0.04471522183714902,0.04532088051096808,0.009918670093785957,-1.291150806805537,-1.1000879190886217,0.18640010091993542
spread1.5,1.0,A2none,model,0.044480831763041594,0.04454131797664188,0.013992181264141545,-0.8339643391292424,-1.1000879190886217,0.24159929939994107
spread1.5,1.0,A2none,plugin_P0,0.044480831763041594,0.04504115588177534,0.0099188945946149,-1.2911746153118557,-1.1000879190886217,0.24159929939994107
spread1.5,1.0,A5blind,model,0.04527105052608984,0.04626876885271798,0.03227651845616972,0.0,-1.1000879190886217,
spread1.5,1.0,A5blind,plugin_P0,0.04527105052608984,0.045633495485534734,0.009919803361709487,-1.291741449261753,-1.1000879190886217,
spread1.5,1.0,A6input,model,0.04532014449770919,0.045609554369365125,0.018840560937867342,-0.6629293045709758,-1.1000879190886217,
spread1.5,1.0,A6input,plugin_P0,0.04532014449770919,0.04577306888426049,0.009915947557196159,-1.291435357379115,-1.1000879190886217,
