run,rho,variant,seed,fact_MAE_treated,test_CRPS,elasticity_MAE,sign_correct,scenario,predictor,true_implied_beta,CF_MAE,effect_MAE,implied_beta,mean_effect
ess_rho0.5_A0cells_s0,0.5,A0cells,0,0.04510508069131099,0.027275175144921393,0.29952114688025583,1.0,flat,model,-1.1007103614498739,0.04439943689469345,0.0235597331656465,-1.3173599842150752,-0.002577453851699829
ess_rho0.5_A0cells_s0,0.5,A0cells,0,0.04510508069131099,0.027275175144921393,0.29952114688025583,1.0,flat,plugin_P0,-1.1007103614498739,0.044399437115204166,0.02355975665758996,-1.3173599187114864,-0.002577435934167949
ess_rho0.5_A0cells_s0,0.5,A0cells,0,0.04510508069131099,0.027275175144921393,0.29952114688025583,1.0,spread1.5,model,-1.1004535449644155,0.04583700821107659,0.01177881214933765,-1.3170706618856667,0.0013158099027350545
ess_rho0.5_A0cells_s0,0.5,A0cells,0,0.04510508069131099,0.027275175144921393,0.29952114688025583,1.0,spread1.5,plugin_P0,-1.1004535449644155,0.045837008262272064,0.011778801336323313,-1.3170711840018803,0.0013158182516312326
ess_rho0.5_A0cells_s1,0.5,A0cells,1,0.044717003920030515,0.02694133046071107,0.31483824253082277,1.0,flat,model,-1.0617974736842566,0.044213910269037086,0.024734741120418086,-1.2301836515482907,-0.0028793183155357838
ess_rho0.5_A0cells_s1,0.5,A0cells,1,0.044717003920030515,0.02694133046071107,0.31483824253082277,1.0,flat,plugin_P0,-1.0617974736842566,0.04421271000283988,0.024733502188466303,-1.230201878505103,-0.002880556672725115
ess_rho0.5_A0cells_s1,0.5,A0cells,1,0.044717003920030515,0.02694133046071107,0.31483824253082277,1.0,spread1.5,model,-1.0615707926417035,0.045394884073244615,0.012362322599110563,-1.2299710656957874,0.0014635499101132154
ess_rho0.5_A0cells_s1,0.5,A0cells,1,0.044717003920030515,0.02694133046071107,0.31483824253082277,1.0,spread1.5,plugin_P0,-1.0615707926417035,0.04539134638263146,0.012358616233943246,-1.230120166720635,0.0014598696504072124
ess_rho0.5_A0cells_s2,0.5,A0cells,2,0.04862572179474119,0.02731138784824446,0.21006773533644496,1.0,flat,model,-1.0277127933198658,0.04843512480640149,0.01660409722840504,-1.1586180036021803,-0.002596380887553096
ess_rho0.5_A0cells_s2,0.5,A0cells,2,0.04862572179474119,0.02731138784824446,0.21006773533644496,1.0,flat,plugin_P0,-1.0277127933198658,0.048434245704121553,0.016603176794392844,-1.1586313305683604,-0.0025972991278085766
ess_rho0.5_A0cells_s2,0.5,A0cells,2,0.04862572179474119,0.02731138784824446,0.21006773533644496,1.0,spread1.5,model,-1.0275362674564328,0.04896418247102904,0.008301639983799281,-1.158382617219828,0.0013182900147512555
ess_rho0.5_A0cells_s2,0.5,A0cells,2,0.04862572179474119,0.02731138784824446,0.21006773533644496,1.0,spread1.5,plugin_P0,-1.0275362674564328,0.04896381272614964,0.008301274991082611,-1.15839806428929,0.0013178929490300839
ess_rho0.5_A0oracle_s0,0.5,A0oracle,0,0.044691220404972025,0.027103913600774538,3.3665586275500994e-09,1.0,flat,model,-1.1007103614498739,0.04463735317761412,0.0002174755827901863,-1.102286934978564,-0.0011974481167271733
ess_rho0.5_A0oracle_s0,0.5,A0oracle,0,0.044691220404972025,0.027103913600774538,3.3665586275500994e-09,1.0,flat,plugin_P0,-1.1007103614498739,0.0446373528087575,0.00021748759371940975,-1.1022875046617335,-0.0011974553255585838
ess_rho0.5_A0oracle_s0,0.5,A0oracle,0,0.044691220404972025,0.027103913600774538,3.3665586275500994e-09,1.0,spread1.5,model,-1.1004535449644155,0.044820292417961365,0.00010964320566565744,-1.1020541856864006,0.0006194791058078408
ess_rho0.5_A0oracle_s0,0.5,A0oracle,0,0.044691220404972025,0.027103913600774538,3.3665586275500994e-09,1.0,spread1.5,plugin_P0,-1.1004535449644155,0.04482029155618552,0.00010964791307814169,-1.1020533200285014,0.0006194430697231855
ess_rho0.5_A0pooled_s0,0.5,A0pooled,0,0.045213010916307375,0.027285120850367762,0.4275850596251311,1.0,flat,model,-1.1007103614498739,0.04452941022097335,0.02516765937251291,-1.260446883703019,-0.0010551267769187689
ess_rho0.5_A0pooled_s0,0.5,A0pooled,0,0.045213010916307375,0.027285120850367762,0.4275850596251311,1.0,flat,plugin_P0,-1.1007103614498739,0.04452941074363709,0.025167674092280986,-1.260446558965009,-0.0010550933867342768
ess_rho0.5_A0pooled_s0,0.5,A0pooled,0,0.045213010916307375,0.027285120850367762,0.4275850596251311,1.0,spread1.5,model,-1.1004535449644155,0.04589310162270162,0.012582091279298543,-1.2602249090876596,0.0005496514495462179
ess_rho0.5_A0pooled_s0,0.5,A0pooled,0,0.045213010916307375,0.027285120850367762,0.4275850596251311,1.0,spread1.5,plugin_P0,-1.1004535449644155,0.04589310164282938,0.012582099529429961,-1.260225226929951,0.0005496286002537924
ess_rho0.5_A0pooled_s1,0.5,A0pooled,1,0.04548025447305265,0.02730679173684023,0.46823919349246557,1.0,flat,model,-1.0617974736842566,0.045032380930584634,0.027301224267488797,-1.0762150205000074,-0.000616285135038197
ess_rho0.5_A0pooled_s1,0.5,A0pooled,1,0.04548025447305265,0.02730679173684023,0.46823919349246557,1.0,flat,plugin_P0,-1.0617974736842566,0.045023673109045925,0.027298004230236057,-1.0763495869410176,-0.0006256145344464746
ess_rho0.5_A0pooled_s1,0.5,A0pooled,1,0.04548025447305265,0.02730679173684023,0.46823919349246557,1.0,spread1.5,model,-1.0615707926417035,0.04600623766240406,0.013647806339769336,-1.0764355443615734,0.00031027430668473244
ess_rho0.5_A0pooled_s1,0.5,A0pooled,1,0.04548025447305265,0.02730679173684023,0.46823919349246557,1.0,spread1.5,plugin_P0,-1.0615707926417035,0.0460011260251869,0.013646138415479889,-1.0766550581577146,0.00030485013578162803
ess_rho0.5_A0pooled_s2,0.5,A0pooled,2,0.04868011106404038,0.027280443845049424,0.4577490462197197,1.0,flat,model,-1.0277127933198658,0.04822293044634519,0.026782427639703246,-1.051544106719675,-0.0003972523845732212
ess_rho0.5_A0pooled_s2,0.5,A0pooled,2,0.04868011106404038,0.027280443845049424,0.4577490462197197,1.0,flat,plugin_P0,-1.0277127933198658,0.04821959580540286,0.026781207610792244,-1.0515959262310077,-0.0004008251631290863
ess_rho0.5_A0pooled_s2,0.5,A0pooled,2,0.04868011106404038,0.027280443845049424,0.4577490462197197,1.0,spread1.5,model,-1.0275362674564328,0.049198671560731336,0.013390580125294359,-1.051404227117012,0.0002098440600093454
ess_rho0.5_A0pooled_s2,0.5,A0pooled,2,0.04868011106404038,0.027280443845049424,0.4577490462197197,1.0,spread1.5,plugin_P0,-1.0275362674564328,0.04919833037182891,0.013390442806510397,-1.0514184280615408,0.0002095135085826626
ess_rho0.5_A1free_s0,0.5,A1free,0,0.04478420288379967,0.027117745485799018,0.1842148975089744,1.0,flat,model,-1.1007103614498739,0.04444587943987757,0.01982796922507263,-1.1397313521885328,-0.0010544034885242581
ess_rho0.5_A1free_s0,0.5,A1free,0,0.04478420288379967,0.027117745485799018,0.1842148975089744,1.0,flat,plugin_P0,-1.1007103614498739,0.04430539631570114,0.02355954556869191,-1.3174607292178881,-0.0025688464317828955
ess_rho0.5_A1free_s0,0.5,A1free,0,0.04478420288379967,0.027117745485799018,0.1842148975089744,1.0,spread1.5,model,-1.1004535449644155,0.045202609494868505,0.009913418531535236,-1.1395029186434853,0.0005474925856105983
ess_rho0.5_A1free_s0,0.5,A1free,0,0.04478420288379967,0.027117745485799018,0.1842148975089744,1.0,spread1.5,plugin_P0,-1.1004535449644155,0.04543395436754824,0.011778994106314835,-1.3171885009638442,0.0013112493612083937
ess_rho0.5_A1free_s1,0.5,A1free,1,0.04437286053352946,0.026838428043560056,0.18992479509777493,1.0,flat,model,-1.0617974736842566,0.04420283424999952,0.018653282559475137,-0.9994210500431358,-0.0014916392974555492
ess_rho0.5_A1free_s1,0.5,A1free,1,0.04437286053352946,0.026838428043560056,0.18992479509777493,1.0,flat,plugin_P0,-1.0617974736842566,0.044208976081262986,0.02473502076048618,-1.2303692041436718,-0.0028689219700887797
ess_rho0.5_A1free_s1,0.5,A1free,1,0.04437286053352946,0.026838428043560056,0.18992479509777493,1.0,spread1.5,model,-1.0615707926417035,0.0447017037055724,0.00932404657095377,-0.9992918471218246,0.0007609575404785573
ess_rho0.5_A1free_s1,0.5,A1free,1,0.04437286053352946,0.026838428043560056,0.18992479509777493,1.0,spread1.5,plugin_P0,-1.0615707926417035,0.044898844674008,0.012360019173754537,-1.2303176800486288,0.0014539436279706753
ess_rho0.5_A1free_s2,0.5,A1free,2,0.0484551123114686,0.0272692301106075,0.07550014456113179,1.0,flat,model,-1.0277127933198658,0.048430348272846,0.016632103270035118,-1.018890227861753,-0.0012888878118246794
ess_rho0.5_A1free_s2,0.5,A1free,2,0.0484551123114686,0.0272692301106075,0.07550014456113179,1.0,flat,plugin_P0,-1.0277127933198658,0.04834861647706159,0.016603521960508204,-1.158672942992808,-0.002591984765812195
ess_rho0.5_A1free_s2,0.5,A1free,2,0.0484551123114686,0.0272692301106075,0.07550014456113179,1.0,spread1.5,model,-1.0275362674564328,0.04865945411180307,0.00831602940099279,-1.018701502648637,0.00066015450283885
ess_rho0.5_A1free_s2,0.5,A1free,2,0.0484551123114686,0.0272692301106075,0.07550014456113179,1.0,spread1.5,plugin_P0,-1.0275362674564328,0.04875658923650252,0.00830156162043913,-1.1584503600644767,0.0013150057948419906
ess_rho0.5_A2none_s0,0.5,A2none,0,0.044702319426655215,0.027131368751341225,0.17524590701968584,1.0,flat,model,-1.1007103614498739,0.04479776534252746,0.019274463170081947,-0.9575259155243278,0.0005218959995545447
ess_rho0.5_A2none_s0,0.5,A2none,0,0.044702319426655215,0.027131368751341225,0.17524590701968584,1.0,flat,plugin_P0,-1.1007103614498739,0.04448481927647682,0.023561996957236073,-1.3174980236746128,-0.002563069404760702
ess_rho0.5_A2none_s0,0.5,A2none,0,0.044702319426655215,0.027131368751341225,0.17524590701968584,1.0,spread1.5,model,-1.1004535449644155,0.04486785757336872,0.009636648815971675,-0.9573039715795736,-0.00024427095195278525
ess_rho0.5_A2none_s0,0.5,A2none,0,0.044702319426655215,0.027131368751341225,0.17524590701968584,1.0,spread1.5,plugin_P0,-1.1004535449644155,0.04525603931513448,0.011780326078975022,-1.317234039930588,0.0013082641614784664
ess_rho0.5_A2none_s1,0.5,A2none,1,0.044313230306247516,0.026791925315383026,0.16781663298606875,1.0,flat,model,-1.0617974736842566,0.044268802870234845,0.019219872787898058,-0.8858060698439807,-0.000220271191210486
ess_rho0.5_A2none_s1,0.5,A2none,1,0.044313230306247516,0.026791925315383026,0.16781663298606875,1.0,flat,plugin_P0,-1.0617974736842566,0.044381189484145905,0.024737989981759,-1.2303640284212678,-0.002866736670198034
ess_rho0.5_A2none_s1,0.5,A2none,1,0.044313230306247516,0.026791925315383026,0.16781663298606875,1.0,spread1.5,model,-1.0615707926417035,0.04456596004433011,0.009608313571410898,-0.885620530228814,0.00012487289495766163
ess_rho0.5_A2none_s1,0.5,A2none,1,0.044313230306247516,0.026791925315383026,0.16781663298606875,1.0,spread1.5,plugin_P0,-1.0615707926417035,0.044738806721487445,0.01236033818485527,-1.2303728074752134,0.0014520833328734016
ess_rho0.5_A2none_s2,0.5,A2none,2,0.048267996453287096,0.027217298307808564,0.118006903760963,1.0,flat,model,-1.0277127933198658,0.04849685386436019,0.020154289703939378,-0.8658252447704664,0.0006091180257499218
ess_rho0.5_A2none_s2,0.5,A2none,2,0.048267996453287096,0.027217298307808564,0.118006903760963,1.0,flat,plugin_P0,-1.0277127933198658,0.04826571439673774,0.016603473536941235,-1.1586839108501512,-0.0025874277385760937
ess_rho0.5_A2none_s2,0.5,A2none,2,0.048267996453287096,0.027217298307808564,0.118006903760963,1.0,spread1.5,model,-1.0275362674564328,0.04838344212082969,0.010077086732780785,-0.865642964253536,-0.000290934753138572
ess_rho0.5_A2none_s2,0.5,A2none,2,0.048267996453287096,0.027217298307808564,0.118006903760963,1.0,spread1.5,plugin_P0,-1.0275362674564328,0.048525720545740995,0.008301300145540692,-1.1584793416664947,0.0013128962851851461
ess_rho0.5_A5blind_s0,0.5,A5blind,0,0.04598787447220578,0.027404802994558154,,,flat,model,-1.1007103614498739,0.04567771393900202,0.06474146156502918,0.0,0.0
ess_rho0.5_A5blind_s0,0.5,A5blind,0,0.04598787447220578,0.027404802994558154,,,flat,plugin_P0,-1.1007103614498739,0.04645838921161747,0.023567310920885518,-1.318521980254053,-0.0025231622325170124
ess_rho0.5_A5blind_s0,0.5,A5blind,0,0.04598787447220578,0.027404802994558154,,,spread1.5,model,-1.1004535449644155,0.0475728411274958,0.03236723693895218,0.0,0.0
ess_rho0.5_A5blind_s0,0.5,A5blind,0,0.04598787447220578,0.027404802994558154,,,spread1.5,plugin_P0,-1.1004535449644155,0.04626173430443259,0.011783513020893012,-1.3183495423885128,0.0012856737961211425
ess_rho0.5_A5blind_s1,0.5,A5blind,1,0.04598829918150142,0.027448785281844235,,,flat,model,-1.0617974736842566,0.04573395796895069,0.061723159873986584,0.0,0.0
ess_rho0.5_A5blind_s1,0.5,A5blind,1,0.04598829918150142,0.027448785281844235,,,flat,plugin_P0,-1.0617974736842566,0.046523311084549844,0.024735256678944578,-1.2304067065510507,-0.0028217227180206347
ess_rho0.5_A5blind_s1,0.5,A5blind,1,0.04598829918150142,0.027448785281844235,,,spread1.5,model,-1.0615707926417035,0.047524491268129826,0.030858469039853974,0.0,0.0
ess_rho0.5_A5blind_s1,0.5,A5blind,1,0.04598829918150142,0.027448785281844235,,,spread1.5,plugin_P0,-1.0615707926417035,0.04612710529154101,0.012362820424485377,-1.2304458337424673,0.0014305649503528351
ess_rho0.5_A5blind_s2,0.5,A5blind,2,0.049167050282064695,0.027462870256193823,,,flat,model,-1.0277127933198658,0.04886196004812664,0.05973233473177125,0.0,0.0
ess_rho0.5_A5blind_s2,0.5,A5blind,2,0.049167050282064695,0.027462870256193823,,,flat,plugin_P0,-1.0277127933198658,0.049518941802472766,0.01660764488200208,-1.158981733411793,-0.0025524230352500813
ess_rho0.5_A5blind_s2,0.5,A5blind,2,0.049167050282064695,0.027462870256193823,,,spread1.5,model,-1.0275362674564328,0.050781277472433266,0.02986373978251953,0.0,0.0
ess_rho0.5_A5blind_s2,0.5,A5blind,2,0.049167050282064695,0.027462870256193823,,,spread1.5,plugin_P0,-1.0275362674564328,0.04928194469514006,0.008304356858901836,-1.158833303580558,0.0012954151291998367
ess_rho0.5_A6input_s0,0.5,A6input,0,0.04506360260393042,0.027687906699277745,,,flat,model,-1.1007103614498739,0.044964755300258716,0.03166423032945776,-0.9030539755624055,0.0013482874492183328
ess_rho0.5_A6input_s0,0.5,A6input,0,0.04506360260393042,0.027687906699277745,,,flat,plugin_P0,-1.1007103614498739,0.044865045797106706,0.023561175952138802,-1.3179799896188125,-0.002552451914254092
ess_rho0.5_A6input_s0,0.5,A6input,0,0.04506360260393042,0.027687906699277745,,,spread1.5,model,-1.1004535449644155,0.045504847989723235,0.015836898822079695,-0.9032635196528731,-0.0006212696316652
ess_rho0.5_A6input_s0,0.5,A6input,0,0.04506360260393042,0.027687906699277745,,,spread1.5,plugin_P0,-1.1004535449644155,0.0456030041401992,0.011780191113882602,-1.3177523884076847,0.0013016466241328308
ess_rho0.5_A6input_s1,0.5,A6input,1,0.04470693396512978,0.02719762059301113,,,flat,model,-1.0617974736842566,0.044732677958765565,0.03888572154660931,-0.6581981836842015,0.0005727636162191629
ess_rho0.5_A6input_s1,0.5,A6input,1,0.04470693396512978,0.02719762059301113,,,flat,plugin_P0,-1.0617974736842566,0.044951443304867396,0.024728774955119073,-1.2305940241168538,-0.002834931507560294
ess_rho0.5_A6input_s1,0.5,A6input,1,0.04470693396512978,0.02719762059301113,,,spread1.5,model,-1.0615707926417035,0.04524632517293192,0.019426349262510134,-0.6576133070957433,-0.00023625441826879978
ess_rho0.5_A6input_s1,0.5,A6input,1,0.04470693396512978,0.02719762059301113,,,spread1.5,plugin_P0,-1.0615707926417035,0.045064104035812784,0.012362855734151539,-1.2303797499783764,0.0014427226095515718
ess_rho0.5_A6input_s2,0.5,A6input,2,0.048270579824107276,0.02715255661569384,,,flat,model,-1.0277127933198658,0.04833161056384384,0.0364486720908244,-0.7030392089654721,0.0016260072588920593
ess_rho0.5_A6input_s2,0.5,A6input,2,0.048270579824107276,0.02715255661569384,,,flat,plugin_P0,-1.0277127933198658,0.0483966686525325,0.016602011430769496,-1.1586954439062565,-0.0025724525356169317
ess_rho0.5_A6input_s2,0.5,A6input,2,0.048270579824107276,0.02715255661569384,,,spread1.5,model,-1.0275362674564328,0.04878202216645857,0.01820718360253251,-0.7029043949333725,-0.0006778231472708285
ess_rho0.5_A6input_s2,0.5,A6input,2,0.048270579824107276,0.02715255661569384,,,spread1.5,plugin_P0,-1.0275362674564328,0.048473150535193826,0.008301526512378725,-1.1584972994802347,0.001305254716494387
ess_rho0_A0cells_s0,0.0,A0cells,0,0.0455555803522754,0.027672860431940373,0.273444958086367,1.0,flat,model,-1.101692701495999,0.045104076508632,0.01891040906234907,-1.3689931087030627,0.0004748948849737644
ess_rho0_A0cells_s0,0.0,A0cells,0,0.0455555803522754,0.027672860431940373,0.273444958086367,1.0,flat,plugin_P0,-1.101692701495999,0.045104076188794986,0.018910413800135546,-1.3689933960616958,0.00047488444179599504
ess_rho0_A0cells_s0,0.0,A0cells,0,0.0455555803522754,0.027672860431940373,0.273444958086367,1.0,spread1.5,model,-1.1012578678358833,0.04614098592383828,0.009457137416813357,-1.3685989861617969,-0.00020952396153006703
ess_rho0_A0cells_s0,0.0,A0cells,0,0.0455555803522754,0.027672860431940373,0.273444958086367,1.0,spread1.5,plugin_P0,-1.1012578678358833,0.04614098572128891,0.00945716480735163,-1.3685990939886332,-0.00020954499467332617
ess_rho0_A0pooled_s0,0.0,A0pooled,0,0.04508298697716954,0.027247658134048405,0.42221002313825823,1.0,flat,model,-1.101692701495999,0.04468762925406884,0.02487735836325207,-1.2890216209706813,0.00029277868452481925
ess_rho0_A0pooled_s0,0.0,A0pooled,0,0.04508298697716954,0.027247658134048405,0.42221002313825823,1.0,flat,plugin_P0,-1.101692701495999,0.044687629158025446,0.02487736550376009,-1.2890217861183364,0.00029277520478701563
ess_rho0_A0pooled_s0,0.0,A0pooled,0,0.04508298697716954,0.027247658134048405,0.42221002313825823,1.0,spread1.5,model,-1.1012578678358833,0.04562706370776492,0.012436108123897666,-1.2886931693939192,-0.00012258972856216133
ess_rho0_A0pooled_s0,0.0,A0pooled,0,0.04508298697716954,0.027247658134048405,0.42221002313825823,1.0,spread1.5,plugin_P0,-1.1012578678358833,0.04562706375312426,0.012436115703514824,-1.2886934518525766,-0.00012258382822392616
ess_rho0_A1free_s0,0.0,A1free,0,0.04491638701171235,0.027203922920734584,0.13586149370228803,1.0,flat,model,-1.101692701495999,0.044726250159871916,0.008876584641677948,-1.2391598874627225,0.00032977998489513993
ess_rho0_A1free_s0,0.0,A1free,0,0.04491638701171235,0.027203922920734584,0.13586149370228803,1.0,flat,plugin_P0,-1.101692701495999,0.044826261159859805,0.018914883788766323,-1.3689540563683416,0.00047911474570104447
ess_rho0_A1free_s0,0.0,A1free,0,0.04491638701171235,0.027203922920734584,0.13586149370228803,1.0,spread1.5,model,-1.1012578678358833,0.0451893572170368,0.004441607287479264,-1.2388214658955339,-0.00014100215048529208
ess_rho0_A1free_s0,0.0,A1free,0,0.04491638701171235,0.027203922920734584,0.13586149370228803,1.0,spread1.5,plugin_P0,-1.1012578678358833,0.045331083110140134,0.009459694487126857,-1.3685634970597222,-0.00021153622666679982
ess_rho0_A2none_s0,0.0,A2none,0,0.04476584961530641,0.02716548227990099,0.10119482422316517,1.0,flat,model,-1.101692701495999,0.044675476329781964,0.00989037578390762,-1.1027716165580255,0.00040998091571964324
ess_rho0_A2none_s0,0.0,A2none,0,0.04476584961530641,0.02716548227990099,0.10119482422316517,1.0,flat,plugin_P0,-1.101692701495999,0.045009401871940385,0.018916340725960556,-1.3690374943595371,0.0004863323813563959
ess_rho0_A2none_s0,0.0,A2none,0,0.04476584961530641,0.02716548227990099,0.10119482422316517,1.0,spread1.5,model,-1.1012578678358833,0.04495126780821608,0.004947248006150825,-1.102472501475686,-0.00018444034503772855
ess_rho0_A2none_s0,0.0,A2none,0,0.04476584961530641,0.02716548227990099,0.10119482422316517,1.0,spread1.5,plugin_P0,-1.1012578678358833,0.045037497198330445,0.009460611395059548,-1.3686587313472516,-0.00021535752599543192
ess_rho0_A5blind_s0,0.0,A5blind,0,0.046654028262834435,0.0276355086634443,,,flat,model,-1.101692701495999,0.04479193679935169,0.06496995455005244,0.0,0.0
ess_rho0_A5blind_s0,0.0,A5blind,0,0.046654028262834435,0.0276355086634443,,,flat,plugin_P0,-1.101692701495999,0.047424360574548324,0.01891771594149288,-1.3693550906753287,0.0005443890762708903
ess_rho0_A5blind_s0,0.0,A5blind,0,0.046654028262834435,0.0276355086634443,,,spread1.5,model,-1.1012578678358833,0.048815544729554954,0.03247586709030888,0.0,0.0
ess_rho0_A5blind_s0,0.0,A5blind,0,0.046654028262834435,0.0276355086634443,,,spread1.5,plugin_P0,-1.1012578678358833,0.04667544374446099,0.0094621004169612,-1.3690648452521652,-0.0002452479455415505
ess_rho0_A6input_s0,0.0,A6input,0,0.045009167677342865,0.02760812050911181,,,flat,model,-1.101692701495999,0.0446543601521199,0.027112776042591245,-1.091997032799975,0.0003896012785844505
ess_rho0_A6input_s0,0.0,A6input,0,0.045009167677342865,0.02760812050911181,,,flat,plugin_P0,-1.101692701495999,0.04485807811838137,0.018913374290340075,-1.369234111226553,0.0004935570843436695
ess_rho0_A6input_s0,0.0,A6input,0,0.045009167677342865,0.02760812050911181,,,spread1.5,model,-1.1012578678358833,0.045529242905548814,0.01358967661265974,-1.090153072474784,-0.00021967153588775545
ess_rho0_A6input_s0,0.0,A6input,0,0.045009167677342865,0.02760812050911181,,,spread1.5,plugin_P0,-1.1012578678358833,0.04546710569318031,0.0094590768130028,-1.3688721571332911,-0.00021944492721929506
ess_rho1_A0cells_s0,1.0,A0cells,0,0.044951702206443,0.0272246744115437,0.2635436221405312,1.0,flat,model,-1.1002964070418388,0.04435493091034611,0.019833850629572453,-1.2912806452153507,-0.003677036613225937
ess_rho1_A0cells_s0,1.0,A0cells,0,0.044951702206443,0.0272246744115437,0.2635436221405312,1.0,flat,plugin_P0,-1.1002964070418388,0.04435493056753866,0.019833845414715764,-1.29128077845088,-0.0036770199824234565
ess_rho1_A0cells_s0,1.0,A0cells,0,0.044951702206443,0.0272246744115437,0.2635436221405312,1.0,spread1.5,model,-1.1000879190886217,0.04558258267050996,0.009918336679196626,-1.2910640518141496,0.0018640316557139158
ess_rho1_A0cells_s0,1.0,A0cells,0,0.044951702206443,0.0272246744115437,0.2635436221405312,1.0,spread1.5,plugin_P0,-1.1000879190886217,0.045582582031070316,0.009918370142146396,-1.2910633467392267,0.0018640353559937106
ess_rho1_A0pooled_s0,1.0,A0pooled,0,0.04494074530411293,0.027190803275348348,0.4474009769934195,1.0,flat,model,-1.1002964070418388,0.04437175790588218,0.026338423717125588,-1.154535196484612,-0.0020188356284052134
ess_rho1_A0pooled_s0,1.0,A0pooled,0,0.04494074530411293,0.027190803275348348,0.4474009769934195,1.0,flat,plugin_P0,-1.1002964070418388,0.044371758195195746,0.02633843562719556,-1.1545351470048482,-0.002018800963761871
ess_rho1_A0pooled_s0,1.0,A0pooled,0,0.04494074530411293,0.027190803275348348,0.4474009769934195,1.0,spread1.5,model,-1.1000879190886217,0.0455492903379331,0.013168287866549003,-1.1543972672295708,0.001027420163154602
ess_rho1_A0pooled_s0,1.0,A0pooled,0,0.04494074530411293,0.027190803275348348,0.4474009769934195,1.0,spread1.5,plugin_P0,-1.1000879190886217,0.04554929085487117,0.013168293350381331,-1.154397894043207,0.001027410159774775
ess_rho1_A1free_s0,1.0,A1free,0,0.04471522183714902,0.02713681847598363,0.18640010091993542,1.0,flat,model,-1.1002964070418388,0.044498832043103356,0.02256531053839786,-1.1041522373396604,-0.002450549742206931
ess_rho1_A1free_s0,1.0,A1free,0,0.04471522183714902,0.02713681847598363,0.18640010091993542,1.0,flat,plugin_P0,-1.1002964070418388,0.04419315925468787,0.019834568437551575,-1.291360223031182,-0.003672669237354027
ess_rho1_A1free_s0,1.0,A1free,0,0.04471522183714902,0.02713681847598363,0.18640010091993542,1.0,spread1.5,model,-1.1000879190886217,0.0450944465899278,0.011283119009165617,-1.103978145905385,0.0012445456814020872
ess_rho1_A1free_s0,1.0,A1free,0,0.04471522183714902,0.02713681847598363,0.18640010091993542,1.0,spread1.5,plugin_P0,-1.1000879190886217,0.04532088051096808,0.009918670093785957,-1.291150806805537,0.001861674346746313
ess_rho1_A2none_s0,1.0,A2none,0,0.044480831763041594,0.02709688585960894,0.24159929939994107,1.0,flat,model,-1.1002964070418388,0.04505194297643216,0.027984936428611357,-0.8341348832025239,0.0008281022892333567
ess_rho1_A2none_s0,1.0,A2none,0,0.044480831763041594,0.02709688585960894,0.24159929939994107,1.0,flat,plugin_P0,-1.1002964070418388,0.04409352957879537,0.01983506038951819,-1.2913779236914749,-0.003667869290000736
ess_rho1_A2none_s0,1.0,A2none,0,0.044480831763041594,0.02709688585960894,0.24159929939994107,1.0,spread1.5,model,-1.1000879190886217,0.04454131797664188,0.013992181264141545,-0.8339643391292424,-0.000399300130084157
ess_rho1_A2none_s0,1.0,A2none,0,0.044480831763041594,0.02709688585960894,0.24159929939994107,1.0,spread1.5,plugin_P0,-1.1000879190886217,0.04504115588177534,0.0099188945946149,-1.2911746153118557,0.0018592338126755376
ess_rho1_A5blind_s0,1.0,A5blind,0,0.04527105052608984,0.027304120568590932,,,flat,model,-1.1002964070418388,0.04626225575555146,0.06455730917327131,0.0,0.0
ess_rho1_A5blind_s0,1.0,A5blind,0,0.04527105052608984,0.027304120568590932,,,flat,plugin_P0,-1.1002964070418388,0.04536304548728346,0.019836271180363095,-1.2918840066824746,-0.003636472489264701
ess_rho1_A5blind_s0,1.0,A5blind,0,0.04527105052608984,0.027304120568590932,,,spread1.5,model,-1.1000879190886217,0.04626876885271798,0.03227651845616972,0.0,0.0
ess_rho1_A5blind_s0,1.0,A5blind,0,0.04527105052608984,0.027304120568590932,,,spread1.5,plugin_P0,-1.1000879190886217,0.045633495485534734,0.009919803361709487,-1.291741449261753,0.0018422600321055384
ess_rho1_A6input_s0,1.0,A6input,0,0.04532014449770919,0.027989545323342302,,,flat,model,-1.1002964070418388,0.04572835032001245,0.037671233963383635,-0.6639022904708407,0.002364350715652108
ess_rho1_A6input_s0,1.0,A6input,0,0.04532014449770919,0.027989545323342302,,,flat,plugin_P0,-1.1002964070418388,0.04515507839870528,0.01982827068110557,-1.2916070349543196,-0.003653577815524038
ess_rho1_A6input_s0,1.0,A6input,0,0.04532014449770919,0.027989545323342302,,,spread1.5,model,-1.1000879190886217,0.045609554369365125,0.018840560937867342,-0.6629293045709758,-0.0010551249142736197
ess_rho1_A6input_s0,1.0,A6input,0,0.04532014449770919,0.027989545323342302,,,spread1.5,plugin_P0,-1.1000879190886217,0.04577306888426049,0.009915947557196159,-1.291435357379115,0.0018514695995761705
