group,n,MAE,MAE_sd,CRPS,CRPS_sd,WAPE,PICP,ACI,MAE1,MAE6,MAE24,beta,sw_model,swn,ep,min
abl_A11_adaptive,3,0.043242612963092335,0.0007340737184749561,0.025080584579031326,0.0005497832039564484,0.22128408542930642,0.8467151333301285,0.9009918131958572,0.02526341909505937,0.04102976723872273,0.04708865018121574,-0.21305660903453827,-0.5164118322780863,-0.1754679056519369,40.333333333333336,11.97649398247401
abl_A11_predefined,3,0.04518250886310759,9.795217445427114e-05,0.026257152543607398,3.3997331478576866e-05,0.23121105469985714,0.8358846237019245,0.900722128306894,0.02737827535237253,0.0432135502482671,0.048623977331485935,-0.21305660903453827,-0.6233113320608669,-0.3697517691812891,32.666666666666664,12.703560796048906
abl_A13_soft0.01,3,0.044716040998278646,0.000319594623181167,0.02597301028384132,0.00036124136064450823,0.22882401312725528,0.8344677337646277,0.9011679487933332,0.026725762800143535,0.04268946412563366,0.0483690902703782,-0.21299617903100118,-0.5363483220538013,-0.24231298240104068,36.0,16.723662826750015
abl_A13_soft0.1,3,0.04474753679823382,0.0003934291002021097,0.025995480330249593,0.00036546248366701794,0.22898518560991477,0.8339671696582314,0.9012283564366562,0.0267647667695116,0.0427090286265111,0.048362280787668764,-0.21305218132005796,-0.5299344649161536,-0.23815834676513659,36.0,16.52461466656791
abl_A13_soft1,3,0.044817261012709275,0.0004056929766347218,0.026041488346795167,0.00041134754367646453,0.22934198317544688,0.8337893940381943,0.9013720481820906,0.027044641319190568,0.042847326083336766,0.04850822454234716,-0.213054571300745,-0.5388946848865084,-0.24057010808164,36.0,16.192341881328158
abl_A13_soft10,3,0.04463468221068783,0.00031488941540131583,0.025931543365560788,0.0003382009420610613,0.22840767832068298,0.8339290918815165,0.9012829413331396,0.02666885886822917,0.04261851509707217,0.048323886024264,-0.21305601919690767,-0.516152564260474,-0.22464192763120017,36.0,16.730156535572476
abl_A14_nomask,3,0.04135250385822837,0.0005218219702532043,0.024102130563737778,0.0002947134237654254,0.24730423074146501,0.8263370326331088,0.9008520400196977,0.023594251458379234,0.0385097332618673,0.04499365673754733,-0.21305660903453827,-0.4990238607665094,-0.20202999771485394,38.333333333333336,17.249370812045203
abl_A1_free,3,0.04463198287439595,0.0003419629011947269,0.025939589391025027,0.00030802987946211346,0.22839386509059154,0.8334559755058355,0.9011273670441332,0.026720609397920602,0.04262748306241924,0.048215818386082104,-0.19536715538965332,-0.5055616216207897,-0.22066040348940794,36.666666666666664,16.615416827466753
abl_A2_none,3,0.04457979267727963,0.000325566952256686,0.02592147807462868,0.00031059529024625156,0.22812679380960496,0.8331587308613558,0.9011821551209538,0.02655171513012777,0.04253176351130097,0.0481643133388391,-0.17516990409543118,-0.46900183256144445,-0.1725465092087272,36.666666666666664,16.461258272329967
abl_A3_prior-0.45,3,0.04476422393961485,0.0004029652375086085,0.02604995726750188,0.00036541865512131343,0.2290705782022191,0.8302512546230784,0.9011194038272018,0.026938778387458034,0.04278698661983466,0.04832063415477487,-0.4500000278155009,-0.6693709667149905,-0.34932475760304077,36.666666666666664,16.515735387802124
abl_A3_prior-0.76,3,0.04462491021428,0.00027232115372117566,0.02593333588499451,0.0003285128815181526,0.22835767238580176,0.8345853782289359,0.9011470549807795,0.026842089017321533,0.04258484573334923,0.04842605393204737,-0.7600000103314718,-0.8735733394871875,-0.5362014723248163,36.0,16.117275398307374
abl_A3_prior-1.48,3,0.04572194049535969,0.0006564793029238501,0.026645284100301647,0.0002802468117971371,0.23397147150206166,0.8268096582376748,0.9013710771978243,0.02775853315042723,0.04388329609059633,0.04933762925537977,-1.4799999793370564,-1.2346902237606312,-0.7682958571187215,35.0,15.698116336928473
abl_A5_noprice,3,0.04448148776139511,0.0003205284172236513,0.02583197545652204,0.00028243562623227203,0.22762374110501285,0.834664865587828,0.9014008216964977,0.026349865500964603,0.04247366826391267,0.048124179050098165,,-0.4077163086377591,-0.12917403735021174,36.0,16.20272286865446
abl_A6_priceinput,3,0.044193831392110576,0.00024087358139919833,0.02563193971639442,0.00021776075832605804,0.226151726066297,0.836690761966457,0.9006456993847806,0.026165102425239836,0.04210440262437729,0.0475318420572467,,-0.5054882511186177,-0.21357484409170457,33.666666666666664,15.276736855506897
base_agcrn,5,0.050906765827234,0.0008588897494156316,0.029618563154662696,0.0005253382030642991,0.2605036177591286,0.8207317311156835,0.9045996481202423,0.04558067810725373,0.0500156595489448,0.05221057270197934,,-0.3107581413073329,-0.04527911226306386,31.4,18.064134067694347
base_agcrn_price,5,0.05130558076694819,0.0006213389981804309,0.029921599926129906,0.0005178319250264123,0.26254446111116014,0.8168371361132966,0.9049224709277663,0.04595579631624702,0.0506285440717391,0.05258187721803674,,-0.3678033968351338,-0.12511435978352425,30.4,17.006833287080127
base_astgcn,5,0.04927891077815863,0.0007898283070172596,0.029044751371022685,0.0005365302581141282,0.2521734454808352,0.8795060645999001,0.899518381172936,0.03132213809656378,0.04697906454917472,0.051720960162692196,,-0.45603242438233627,-0.15475380888200563,29.4,7.751573481559754
base_fcnn,5,0.04395176851093351,0.00038669937991539554,0.02623685726077358,0.0002666911620836779,0.2249130251736528,0.8963435814909639,0.899598470417087,0.0231087480171044,0.04140826053619718,0.04756551911265232,,-0.6963451176504816,-0.3775517018252895,93.8,6.059750803311665
base_gcn,5,0.05192229637635121,0.0012509573491583193,0.030307158127195293,0.0005764733008238851,0.26570036081854365,0.8662246312762291,0.9004281083774982,0.035548334546496994,0.0501491836313178,0.05268879932709862,,-0.39329067376207794,-0.2701261402393753,21.8,1.5369412382443746
base_gcnlstm,5,0.05253234477691069,0.00112473304149325,0.030762774489939713,0.0006523880780198694,0.2688221426243896,0.8691128782372655,0.9000664584209271,0.03780806245139156,0.05059955257269266,0.053428293879515,,-0.29269450204054503,-0.15809952496647944,20.4,1.6441361633936566
base_gwn_blind,5,0.04441957548985076,0.0003492823433766987,0.025795033473524943,0.0002488720567695589,0.22730691935334782,0.8345868537427836,0.9009091996593245,0.02625344699200034,0.04249643593893422,0.04795450135861054,,-0.4229271682064645,-0.14471386953522405,34.8,15.670205087661742
base_lstm,5,0.04415069871990045,0.00032557280852126724,0.02611411312819022,0.00015668188696935635,0.22593100457728132,0.8885223585565287,0.8991640079046412,0.02431170250855088,0.041657000280214664,0.04755286543589466,,-0.6285622082493283,-0.2736667686509937,81.6,6.565527463754019
base_stgcn,5,0.05174701171274811,0.0004904524965577537,0.03002569198348722,0.0004216568393352044,0.26480338203263404,0.8400010852166364,0.9034260376308729,0.04604714568320556,0.0504201802948247,0.053008156584262375,,-0.2682427993474656,-0.16047631678859814,27.0,5.154799006779989
base_stgcn_price,5,0.05206076000620924,0.0018041457493775301,0.030025528783972705,0.0011087037635874365,0.26640891646767867,0.8458824834135583,0.9028404622235764,0.04684630578108338,0.05075265291801684,0.053656739845377346,,-0.3839089149441787,-0.29831521302639186,25.6,4.931712517738342
baseline_naive_last_utilization,1,0.07983557566314546,,0.05114319192774028,,0.4085401213016336,0.9086092901207684,0.894121804839195,0.021898206726375,0.0773756629574762,0.051355724387073,,,,,0.049340256055196124
baseline_naive_seasonal_utilization,1,0.05123764400477168,,0.032818978845952716,,0.2621968104199753,0.924890633485692,0.8936192724861859,0.0511363927481571,0.0511729272028704,0.051355724387073,,,,,0.0502843181292216
baseline_profile_utilization,1,0.05844671083847754,,0.03696613113846099,,0.2990875450861921,0.8537166051948559,0.9109499734410642,0.059168017392444,0.0587543466071559,0.0578930105408253,,,,,0.04973139762878418
eid_init-0.05,3,0.0446303110274498,0.00041305305779581607,0.02591546600687912,0.0003351307191307507,0.2283853097999394,0.8348282827128957,0.901324538163396,0.0265629394884393,0.042532758081299804,0.0483564484309963,-0.07440318596652812,-0.45200639625601435,-0.1976443739727406,36.0,15.85794882774353
eid_init-0.3,3,0.04470388336630482,0.00047773099015763145,0.025998952583533057,0.00018538003672957366,0.22876179925330165,0.829779566164024,0.9013236567005422,0.0265001801910987,0.04270505641960117,0.048098139462584295,-0.23543616404963863,-0.5441674565207647,-0.23370879274058773,37.0,16.6690103676584
eid_init-1.0,3,0.04462872292163093,0.0003766839213221359,0.02593646495699771,0.00027990203077834526,0.228377183035167,0.8344334637655844,0.9016818694369864,0.026647190801466367,0.04262896638071256,0.04830488831934233,-0.49973969409863156,-0.7006713087915242,-0.3872207633098825,36.0,16.147314982944064
eid_init-2.0,3,0.04464730592170251,0.00011477454196207102,0.026003636588145942,0.00012896706035899782,0.22847227724649236,0.8311561571209647,0.9014532203459753,0.02646456860896823,0.04254702675087333,0.0483255679289282,-0.9754733128680124,-0.9200754395629506,-0.537586350160186,36.0,16.184301421377395
eid_profile-0.05,1,0.044148917778704576,,0.02582384863745744,,0.22592189102200042,0.8202483813375104,0.9017455468164958,0.024647217388705,0.0422339876297568,0.0480837230762543,-0.04999999701976776,-0.4192137711393175,-0.17510510838846688,43.0,19.355058224995933
eid_profile-0.1,1,0.044597321105616344,,0.0261251292846019,,0.22821649149361892,0.8155115059141926,0.9015304178109739,0.0256172169022533,0.0428698205882282,0.0484782777634263,-0.09999999403953552,-0.4392653209490896,-0.1812902764689028,43.0,19.32291579246521
eid_profile-0.2,1,0.04475834553988782,,0.026263316873206665,,0.22904049684916825,0.8133034708369448,0.9013534647970914,0.0257626697550142,0.0431028894555858,0.0485434875664186,-0.19999998807907104,-0.5150064039874598,-0.2402760982116542,43.0,19.339341763655344
eid_profile-0.4,1,0.0449352844908913,,0.02638286316131477,,0.22994594106880972,0.8095504299694949,0.9014515469591329,0.0261586279180468,0.0432084293671786,0.0487132248212406,-0.3999999761581421,-0.645193447150909,-0.333919301277264,43.0,19.36129497687022
eid_profile-0.8,1,0.04384489243650922,,0.02564526803765685,,0.22436611154464894,0.8220468423289701,0.9018633173034446,0.0246971195123893,0.0418217978365563,0.0475753522364272,-0.7999999523162842,-0.915395803555135,-0.5379493324007522,43.0,19.358966100215913
eid_profile-1.2,1,0.04497040693333195,,0.02638848278788464,,0.23012567205685516,0.8120999751066534,0.9019641938789601,0.0265168815921965,0.0431548214318836,0.0486678044929107,-1.2000000874201457,-1.1110441508147038,-0.6500443911830724,43.0,19.34328494866689
eid_profile-1.6,1,0.045313952528042,,0.026578181411555112,,0.23188368729967976,0.8126513889107043,0.9014608352488486,0.0270150594360465,0.0433965750232146,0.0492023297547426,-1.5999999046325684,-1.243052316619183,-0.7834893496640926,43.0,19.3556308110555
eid_profile-2.0,1,0.04549942960384411,,0.02669179813490932,,0.23283282340119152,0.8128458235580541,0.901291599669095,0.0277847615962838,0.0435554599288083,0.0492270877208971,-2.0,-1.4268069630268474,-1.01439871828809,43.0,19.340275120735168
eid_profile-3.0,1,0.04634991930751054,,0.027158505861807743,,0.23718500804839351,0.8156857117426628,0.9018546766487261,0.028840324889334,0.0442108438052358,0.0501397603427084,-3.0,-1.7931705186153055,-1.1877174040214835,43.0,18.995623910427092
eps_pag_paper-0.1,1,0.05582286717641825,,0.03566564362644894,,0.20481749735943572,0.9057655941584882,0.8963694931342419,0.0365151394008344,0.0539352694845213,0.0590539230266978,,-0.23758261197906277,-0.10249141952793439,100.0,12.380237865447999
eps_pag_released-0.1,1,0.05478456326977042,,0.03506067894142823,,0.2010078971290131,0.9057341799926986,0.8965762590152515,0.0323392303501996,0.05290374257932,0.0582459206946352,,-0.26728851588362895,-0.10557810445251717,100.0,4.488881687323253
full_fcnn,1,0.04440901762646079,,0.026607423118554813,,0.22725289192567288,0.8965969414977798,0.8993288844317329,0.024237681177155,0.0416773481927899,0.0479848696220207,,-0.6303985517936892,-0.3586804354686953,69.0,2.9675737818082175
main_A0,5,0.04453530033412279,0.0005426335852093651,0.02587359243625218,0.0004074335741215724,0.22789911451852066,0.8341727103237897,0.9008599385055401,0.026388479029155282,0.042576790318165705,0.04802307741358564,-0.21305660903453827,-0.5467785022203068,-0.2503690190251914,34.0,14.69991960287094
pilot_main,1,0.043755122048817124,,0.02546403867588977,,0.22390673231712552,0.8291821417131097,0.9011675055621007,0.0240899766823172,0.0418169279518845,0.0473469434889742,-0.21305660903453827,-0.5502054816597355,-0.22625113576158246,43.0,18.30053576628367
sens_lag,3,0.044741722887803,0.0002564806363599163,0.026004098626851792,0.00036240442273046514,0.2289554342659442,0.8331460382691175,0.9011310310834331,0.026973185078268697,0.042756129904651434,0.048355350226474005,-0.35928604006767273,-0.5324906920795786,-0.2401008494953026,36.0,15.905034120877582
