run,test_MAE,test_RMSE,test_WAPE,test_CRPS_q,test_PICP90_raw,test_PICP90_aci_mean,val_MAE,best_val_pinball,best_val_loss,epochs_run,seconds,n_params,switch_beta_obs,switch_beta_model,D,lr,dropout,seed
tune_gwn_D32_lr1e-3_do0.1,0.04435849282796682,0.06616784187724989,0.22699434293753054,0.025989459727321064,0.8165348461634022,0.9014858926200088,0.04404471701459129,0.012773605783418851,,43,1175.2617826461792,198211,,,32,0.001,0.1,0
tune_gwn_D32_lr5e-4_do0.1,0.04417104213925191,0.06582164055471312,0.2260351073277219,0.025651805948459835,0.8419598536480652,0.9012198996231252,0.044482013460987534,0.01283637514098002,,43,1135.3623187541962,198211,,,32,0.0005,0.1,0
tune_gwn_D32_lr5e-4_do0.3,0.044186678130730815,0.06591789112885313,0.2261151209031537,0.025656092603895956,0.8439936828968431,0.9008209099341542,0.04453477219922344,0.012850245055503133,,43,1138.00581407547,198211,,,32,0.0005,0.3,0
pilot_main_s0,0.043755122048817124,0.06521755233190316,0.22390673231712552,0.02546403867588977,0.8291821417131097,0.9011675055621007,0.04434253896067087,0.012853966964798519,,43,1098.0321459770203,198211,-1.1803015852900895,-0.5502054816597355,32,0.001,0.3,0
tune_gwn_D32_lr1e-3_do0.3,0.04401003638895031,0.06553912551918557,0.22521119758307354,0.025627256723455605,0.8271625916305999,0.9012007358578789,0.044404183511828184,0.012861962895623913,,43,1145.442966222763,198211,,,32,0.001,0.3,0
tune_gwn_D32_lr2e-3_do0.1,0.045336351616198374,0.06683394980496905,0.23199830946049516,0.026136362418746163,0.863233907498609,0.9014822264828718,0.045020895767791835,0.01299396560874872,,24,677.5747208595276,198211,,,32,0.002,0.1,0
tune_gwn_D32_lr2e-3_do0.3,0.043617210045110065,0.06452624075654781,0.2232009994874261,0.025113697559833274,0.8560771893650674,0.901487672303408,0.04500306558146384,0.013012020154281588,,30,840.3332529067993,198211,,,32,0.002,0.3,0
tune_gwn_D64_lr1e-3_do0.3,0.04557779713061206,0.06848431299417473,0.23323385112130185,0.026434106617811884,0.8453309268178449,0.899801217995749,0.045258511460504754,0.013125318403997102,,29,5153.839112520218,744323,,,64,0.001,0.3,0
tune_gwn_D64_lr2e-3_do0.1,0.04598545756684144,0.06885248028911181,0.23531995925897906,0.026685754687271197,0.8519150503840381,0.9022230619548802,0.045190032134477726,0.013127469126038134,,24,4219.578272104263,744323,,,64,0.002,0.1,0
tune_gwn_D64_lr2e-3_do0.3,0.045286152671113515,0.06677289664283419,0.23174142795192165,0.026217634199018756,0.8470865503105005,0.9021355032978787,0.045686865117611136,0.013229537750231286,,24,4331.332586050034,744323,,,64,0.002,0.3,0
tune_gwn_D64_lr5e-4_do0.1,0.046071177491394555,0.06880772048527539,0.23575861117679894,0.02676076761652861,0.8322538283634695,0.899572032655493,0.04595719496151687,0.013325020925272074,,31,11853.374938964844,744323,,,64,0.0005,0.1,0
tune_gwn_D64_lr5e-4_do0.3,0.04582648463830024,0.06835445132168404,0.23450645201023151,0.026558794328973217,0.8394031689277727,0.8997739985468284,0.04599747304197193,0.013326713540367198,,31,12201.71754527092,744323,,,64,0.0005,0.3,0
tune_gwn_D64_lr1e-3_do0.1,0.04531684798374177,0.06780197476106116,0.23189850412554944,0.026377508719693032,0.8358478945131351,0.9005951203914927,0.04593999613822689,0.013373344193792613,,29,14937.619420528412,744323,,,64,0.001,0.1,0
