epoch,train_loss,val_pinball,beta_tou_mean,seconds
1,0.024857024206443035,0.018568329639217215,-0.21305657923221588,25.581710815429688
2,0.019290126107157544,0.01676815451134464,-0.21305657923221588,25.250687837600708
3,0.01825687778677712,0.01622624583595602,-0.21305657923221588,25.213497400283813
4,0.017555578274929776,0.015588662306198837,-0.21305657923221588,25.341304540634155
5,0.016878037069468423,0.01569120392509225,-0.21305657923221588,25.19854187965393
6,0.015960125718265772,0.014540580851989598,-0.21305657923221588,25.263628482818604
7,0.015390927942984916,0.014595018576266133,-0.21305657923221588,25.27453899383545
8,0.015059117842069331,0.014121611982660284,-0.21305657923221588,25.213722944259644
9,0.014607176858376949,0.014633777198491004,-0.21305657923221588,25.382055521011353
10,0.014313762046475994,0.013968113598030392,-0.21305657923221588,25.15837073326111
11,0.014104596398612286,0.014417903471957903,-0.21305657923221588,25.281177282333374
12,0.01395575771544208,0.013798743372077564,-0.21305657923221588,25.200637102127075
13,0.013866600451713547,0.0134400873089183,-0.21305657923221588,26.01294445991516
14,0.01365716948590063,0.013577168029390858,-0.21305657923221588,28.000592470169067
15,0.013594050723266728,0.013437173010172863,-0.21305657923221588,28.025089502334595
16,0.013460718204287138,0.013278226959352345,-0.21305657923221588,27.655293464660645
17,0.013346709202023898,0.013372047648267247,-0.21305657923221588,27.75990128517151
18,0.013225253007592672,0.013194954541284916,-0.21305657923221588,27.71256685256958
19,0.013156068253707378,0.01333520429599826,-0.21305657923221588,27.691458463668823
20,0.013039436012982054,0.013588738279474433,-0.21305657923221588,27.68897271156311
21,0.01302281337136284,0.013203153477443342,-0.21305657923221588,27.74408483505249
22,0.012881467297197656,0.013459059671260834,-0.21305657923221588,27.895217657089233
23,0.01280090576434072,0.013179251405339204,-0.21305657923221588,27.837870121002197
24,0.012761285528540611,0.0130183479609287,-0.21305657923221588,27.794094800949097
25,0.01268401094018779,0.013459984368642531,-0.21305657923221588,27.742334127426147
26,0.012626517326273817,0.012984379470444837,-0.21305657923221588,27.710649013519287
27,0.01261572653744766,0.013295830171521082,-0.21305657923221588,27.68843984603882
28,0.012487843781313363,0.01283637514098002,-0.21305657923221588,27.84458041191101
29,0.012503464438734537,0.013162633274237438,-0.21305657923221588,27.732999086380005
30,0.012416120281720415,0.012914235811581758,-0.21305657923221588,26.460765838623047
31,0.01236831475088888,0.013349015772940388,-0.21305657923221588,25.19914722442627
32,0.012345980545704035,0.013178760918802136,-0.21305657923221588,25.176228046417236
33,0.012284889351576567,0.013356506590788549,-0.21305657923221588,25.22126603126526
34,0.012204364913099624,0.012880684172972983,-0.21305657923221588,25.190444231033325
35,0.012200519204773802,0.013319476200377576,-0.21305657923221588,25.260459184646606
36,0.012134125733629186,0.013043246372260559,-0.21305657923221588,25.19468331336975
37,0.012115801843081383,0.013244199330837418,-0.21305657923221588,25.262946367263794
38,0.01205352644257723,0.01305069348536912,-0.21305657923221588,25.176103830337524
39,0.012030881344083142,0.013100925206787411,-0.21305657923221588,25.24544405937195
40,0.012031785787103023,0.013147419236466206,-0.21305657923221588,25.18537187576294
41,0.011962608919736552,0.013811858428345281,-0.21305657923221588,25.243019342422485
42,0.011996437587398798,0.01301705539083661,-0.21305657923221588,25.25774312019348
43,0.011953023737890924,0.013106613524573854,-0.21305657923221588,25.30103349685669
