phase,epoch,train_loss,val_loss,seconds
训练,1,0.022896786438340835,0.01797160944829545,11.85302448272705
训练,2,0.018885975981012305,0.017586818402878804,11.034306764602661
训练,3,0.018010152840709434,0.016263696109714475,11.14258074760437
训练,4,0.017081250654573134,0.015944133118106014,11.112128734588623
训练,5,0.01643739242423722,0.01590617007768737,11.202502250671387
训练,6,0.01584093121098394,0.01532440513070148,11.200286865234375
训练,7,0.015340305597303396,0.015285473647924899,11.225420236587524
训练,8,0.014706368062724458,0.015027771328991232,11.159654140472412
训练,9,0.01421743187498539,0.01509217469996341,11.224021434783936
训练,10,0.013893013968667451,0.015073709298683619,11.229838609695435
训练,11,0.013631669447777118,0.015042157298486547,11.06890606880188
训练,12,0.013499460401053124,0.01508521095271986,11.241141319274902
训练,13,0.01330257894748703,0.015233590895506187,11.220761775970459
训练,14,0.01316832843177179,0.015322670096791679,11.272432565689087
训练,15,0.01300945335087624,0.015142862086688866,11.212394714355469
训练,16,0.012849969264278387,0.01537864799638279,11.149235248565674
训练,17,0.01270994409284693,0.015443388147142745,11.115094423294067
训练,18,0.012577210820497984,0.015405129293058725,11.152744770050049
训练,19,0.01241860618973349,0.015466026417876288,11.193403482437134
训练,20,0.012320619284551828,0.015448929030173466,11.06299638748169
训练,21,0.012168304935256218,0.015517937138524097,11.161430597305298
训练,22,0.01203556363768083,0.015658504286089392,11.12887167930603
训练,23,0.012044303287613266,0.015643633752988047,11.288746118545532
