run,ref,step,dm_dm,dm_p,dm_n,dm_mean_diff,wilcoxon_stat,wilcoxon_p,wilcoxon_n,wilcoxon_share_better
baseline_profile_utilization,baseline_naive_seasonal_utilization,1,11.849132113684234,4.636682016500077e-30,841,0.009543379719663644,16594.0,0.08747877365212954,275,0.4763636363636364
baseline_profile_utilization,baseline_naive_seasonal_utilization,2,6.959830207174053,6.862998838445041e-12,841,0.009410616469665506,16694.0,0.1025361297203966,275,0.4763636363636364
baseline_profile_utilization,baseline_naive_seasonal_utilization,3,5.487346093012613,5.4036591285932913e-08,841,0.009276971541933984,16778.0,0.11671809434486266,275,0.4763636363636364
baseline_profile_utilization,baseline_naive_seasonal_utilization,4,4.724027189094151,2.7094253971147306e-06,841,0.009151885312360804,16850.0,0.13006201989600752,275,0.4763636363636364
baseline_profile_utilization,baseline_naive_seasonal_utilization,5,4.241768461300587,2.4641270744425916e-05,841,0.009028294295490881,16895.0,0.13898500725780416,275,0.4763636363636364
baseline_profile_utilization,baseline_naive_seasonal_utilization,6,3.888042594464034,0.00010902819854578984,841,0.008907029321122402,16973.0,0.15555831540295306,275,0.48363636363636364
baseline_profile_utilization,baseline_naive_seasonal_utilization,9,3.23392358240211,0.0012687030461357382,841,0.008572731925499866,17191.0,0.20979790752448924,275,0.49454545454545457
baseline_profile_utilization,baseline_naive_seasonal_utilization,12,2.8887779235739894,0.0039668640001427865,841,0.00842476771093026,17331.0,0.251181295401409,275,0.49818181818181817
baseline_profile_utilization,baseline_naive_seasonal_utilization,24,2.1178699786444333,0.03447925674420016,841,0.007694121789884433,18094.0,0.5711790199255646,275,0.5236363636363637
baseline_naive_last_utilization,baseline_naive_seasonal_utilization,1,-53.703858242926884,7.297116176161446e-274,841,-0.029489837797493812,837.0,8.750334440424384e-43,275,0.9490909090909091
baseline_naive_last_utilization,baseline_naive_seasonal_utilization,2,-11.711557887481115,1.8816567359248075e-29,841,-0.01447666608413637,4122.0,6.032575778433019e-29,275,0.8690909090909091
baseline_naive_last_utilization,baseline_naive_seasonal_utilization,3,-1.4323076865849758,0.15242779347643914,841,-0.0025727646680006626,10568.0,4.710964221537515e-10,275,0.7418181818181818
baseline_naive_last_utilization,baseline_naive_seasonal_utilization,4,3.426621648560204,0.0006408193702560754,841,0.0074672456607440705,17272.0,0.31975740563735067,275,0.610909090909091
baseline_naive_last_utilization,baseline_naive_seasonal_utilization,5,7.223268290719655,1.138616115292043e-12,841,0.016695131202413435,13740.0,0.0002032719285114632,275,0.4690909090909091
baseline_naive_last_utilization,baseline_naive_seasonal_utilization,6,11.476980894451584,1.996186031030225e-28,841,0.02540253834372681,9008.0,3.2808972810492097e-12,275,0.3709090909090909
baseline_naive_last_utilization,baseline_naive_seasonal_utilization,9,18.91793115671603,9.189149334960476e-67,841,0.04915207400957039,2697.0,5.963718215145535e-27,275,0.18545454545454546
baseline_naive_last_utilization,baseline_naive_seasonal_utilization,12,15.272207871342628,1.1853480975412645e-46,841,0.05874840241369643,1388.0,3.72067201773109e-33,275,0.11636363636363636
baseline_naive_last_utilization,baseline_naive_seasonal_utilization,24,,,841,0.0,,,275,
