model,h,metric,ours,paper
FCNN,3,MAE,6.52,6.11
FCNN,3,RMSE,10.02,9.47
FCNN,3,MAPE,42.18,40.59
FCNN,3,RAE,48.87,45.62
FCNN,6,MAE,7.7,7.33
FCNN,6,RMSE,11.24,10.74
FCNN,6,MAPE,51.67,50.12
FCNN,6,RAE,57.59,54.62
FCNN,9,MAE,7.81,7.54
FCNN,9,RMSE,11.38,10.95
FCNN,9,MAPE,53.3,52.67
FCNN,9,RAE,58.23,56.02
FCNN,12,MAE,6.87,6.62
FCNN,12,RMSE,10.19,9.79
FCNN,12,MAPE,46.72,46.22
FCNN,12,RAE,51.11,49.08
LO,3,MAE,4.91,4.91
LO,3,RMSE,9.75,9.75
LO,3,MAPE,25.38,25.39
LO,3,RAE,36.73,36.62
LO,6,MAE,7.26,7.26
LO,6,RMSE,12.52,12.52
LO,6,MAPE,39.08,39.07
LO,6,RAE,54.2,54.05
LO,9,MAE,9.17,9.17
LO,9,RMSE,14.65,14.65
LO,9,MAPE,50.94,50.92
LO,9,RAE,68.27,68.08
LO,12,MAE,9.98,9.98
LO,12,RMSE,15.45,15.45
LO,12,MAPE,56.73,56.7
LO,12,RAE,74.26,74.05
