model,fold,h,seed,MAE,RMSE,MAPE,RAE
LO,1,3,-1,0.06750394049081747,0.11713007140024367,0.3400711267993389,0.503309511695035
FCNN,1,3,0,0.08592090043055872,0.1263415027182946,0.5265659945936839,0.6439395369303234
FCNN,1,3,1,0.10160887717424956,0.14303646596481887,0.5628068542559397,0.7615140552266078
FCNN,1,3,2,0.11015394889066711,0.14942107481274777,0.704608120271025,0.825555627143716
LO,1,6,-1,0.1047280910453217,0.16078940448805634,0.5482673289952216,0.773686373838994
FCNN,1,6,0,0.10492019824698035,0.14307298150926973,0.6686771490424703,0.7786749829199009
FCNN,1,6,1,0.1101211925255989,0.1541403818061926,0.6187355012754907,0.8172746443648445
FCNN,1,6,2,0.11601964619734051,0.1576908338477812,0.732092935991849,0.8610505653870811
LO,1,9,-1,0.13502089499577502,0.19243962830529263,0.7334395221388343,0.9855032347626806
FCNN,1,9,0,0.1053442261854162,0.14453417730168197,0.6767827667758225,0.7723385596289571
FCNN,1,9,1,0.10422305383789118,0.14776762200296317,0.5833123084712938,0.7641186061740883
FCNN,1,9,2,0.11126156586315628,0.15327094718526918,0.7071815804774084,0.8157219491988522
LO,1,12,-1,0.14812496779201784,0.2059476063834132,0.8355991224835502,1.0843247432481316
FCNN,1,12,0,0.08931525696725681,0.12403387951287292,0.5705344309377487,0.6531569350979617
FCNN,1,12,1,0.08687320632375103,0.1244957001308887,0.4884782803063843,0.6352983701917331
FCNN,1,12,2,0.09926242673152828,0.13659348614423256,0.6435388053979756,0.7258999706860751
LO,2,3,-1,0.045379140434196885,0.10973958177704325,0.20916948462265975,0.3142137088346253
FCNN,2,3,0,0.058872067714925806,0.10389516886984657,0.3295949275822588,0.4078832642951368
FCNN,2,3,1,0.05890672421629586,0.10199070772903031,0.33449316817300817,0.40812337488504025
FCNN,2,3,2,0.07018247654453848,0.10984289732720415,0.43780577117745056,0.48624515394837453
LO,2,6,-1,0.06004495639225964,0.12464985558549788,0.2997871238955657,0.41473795648859196
FCNN,2,6,0,0.06780628085188976,0.11073594400007875,0.4067246325645882,0.46855121459396043
FCNN,2,6,1,0.06783284183374645,0.1099086462934192,0.4056295163340957,0.46873475482288035
FCNN,2,6,2,0.0774166313804626,0.11765352300841878,0.4887400825152801,0.5349601276955706
LO,2,9,-1,0.07199308939287746,0.13714630816427417,0.3746956568042752,0.4961491919306617
FCNN,2,9,0,0.07011876219764901,0.11224107013322468,0.4310470172402211,0.4833015953962236
FCNN,2,9,1,0.06892126872521526,0.11161808529423946,0.41131344509818185,0.47504773455263893
FCNN,2,9,2,0.07793814955523119,0.118766334548806,0.4932171069048946,0.5371976178942823
LO,2,12,-1,0.0766556427060136,0.14056577006908616,0.4111155218313102,0.526751643025202
FCNN,2,12,0,0.06331095036785332,0.10516163668498783,0.39111829888316224,0.43514421245915347
FCNN,2,12,1,0.062161476310411835,0.10444373753019316,0.3652536217908857,0.4272437310959551
FCNN,2,12,2,0.07217275579143184,0.11301624453663198,0.45901180429106,0.49605252799705024
LO,3,3,-1,0.05976767657801672,0.10921057188255229,0.3100321533860332,0.45254693496836623
FCNN,3,3,0,0.06715776049448607,0.10334769710040338,0.42706664810020123,0.5090073975190891
FCNN,3,3,1,0.07179916660769754,0.10780449224762977,0.4551118008127104,0.5441859089691385
FCNN,3,3,2,0.0845689886461234,0.12114479631278073,0.5606549863096484,0.6409719517838736
LO,3,6,-1,0.08978626049113142,0.1433212806844915,0.48498051368859313,0.6787377414288108
FCNN,3,6,0,0.08130502708857645,0.11675579217914261,0.5352301636843335,0.6152563921514086
FCNN,3,6,1,0.08739693793708617,0.12330656535936768,0.580533645918149,0.6613554738955032
FCNN,3,6,2,0.09792840150566409,0.13589682628640432,0.6658299563865252,0.74104981151891
LO,3,9,-1,0.11469727177166819,0.17055091348319995,0.638973323714027,0.8657005347227895
FCNN,3,9,0,0.08520980844595823,0.12090488368821643,0.5831370142932201,0.643665971783496
FCNN,3,9,1,0.08880118701922882,0.12563202928310604,0.5975804268205686,0.6707948695191686
FCNN,3,9,2,0.09709881052521548,0.13573445693973565,0.67084929205359,0.7334742487465236
LO,3,12,-1,0.12631809028287416,0.18252744734639362,0.7207630053240692,0.9511285882519183
FCNN,3,12,0,0.07418175369055979,0.10689163484778728,0.4993785766556182,0.5590565635165061
FCNN,3,12,1,0.07754451445132052,0.1116164674949533,0.5192557471447684,0.5843993652340433
FCNN,3,12,2,0.08513970962401672,0.12056721834127736,0.585432430503068,0.6416390973950944
LO,4,3,-1,0.044331589080999725,0.09022627997495596,0.23846172751962727,0.34181602435639646
FCNN,4,3,0,0.05207584070180755,0.08458538023330868,0.3626618060006546,0.4016197229936007
FCNN,4,3,1,0.054345842095196085,0.08622563113605691,0.3848290598424122,0.41912644623649875
FCNN,4,3,2,0.0613804538929457,0.0930067869055424,0.447302763337802,0.4733788366637099
LO,4,6,-1,0.06264922602887153,0.1098588518274074,0.35001250686945184,0.4826004648898457
FCNN,4,6,0,0.0635208396920017,0.0960374364388744,0.458748232662312,0.48956174528996693
FCNN,4,6,1,0.06630021284842208,0.09765070646527409,0.4934902995783733,0.51098266446967
FCNN,4,6,2,0.07301225813794261,0.10450082426714928,0.5558980542206229,0.5627130984868501
LO,4,9,-1,0.0783569205170775,0.12753836467257443,0.45101735564355855,0.6033080684669271
FCNN,4,9,0,0.06680012117587149,0.09865398151882138,0.49722441999417755,0.5145228155815337
FCNN,4,9,1,0.06932528968410498,0.10072576084116573,0.5257403449589627,0.5339727325547894
FCNN,4,9,2,0.07437166885042586,0.10591999699192782,0.5732699422272615,0.5728420814637741
LO,4,12,-1,0.08468898909832784,0.13278841025984003,0.4969025291272376,0.6511275394546803
FCNN,4,12,0,0.05911019342039742,0.087951134771434,0.429899387629404,0.454717215860784
FCNN,4,12,1,0.061905609993808744,0.09118412289953691,0.46230448126394724,0.4762215278563875
FCNN,4,12,2,0.06607253557849428,0.09591718127708697,0.49936357402360976,0.508276452581324
LO,5,3,-1,0.03386701400764272,0.07107216025007486,0.21548857849717545,0.27687282301576
FCNN,5,3,0,0.04188194973303731,0.06819731505901445,0.33121244742643685,0.34231886641208303
FCNN,5,3,1,0.04388380713761504,0.06980306629085406,0.3537959240181937,0.3586808925790054
FCNN,5,3,2,0.050094555851265876,0.07557158544904742,0.41756198741773426,0.40944396528166377
LO,5,6,-1,0.05059436642269416,0.09276099790509859,0.32765459222072085,0.41382375348499173
FCNN,5,6,0,0.05329609861714067,0.08076013811242226,0.4473070701317446,0.43627631702682407
FCNN,5,6,1,0.055223353865825116,0.08219008696675245,0.46061105279800235,0.4520475617180003
FCNN,5,6,2,0.0612943798465638,0.08729115670440424,0.5288714336398078,0.501749414830558
LO,5,9,-1,0.06275675476262274,0.10698846849586348,0.41308787048920254,0.5131850146936371
FCNN,5,9,0,0.05627061402106482,0.08363182694847507,0.4866651134832473,0.460514091052246
FCNN,5,9,1,0.05771293876490369,0.0854765582541538,0.48279893468067325,0.47231539408930606
FCNN,5,9,2,0.06256093030015071,0.08898902735009466,0.5465929857988843,0.5119935236848805
LO,5,12,-1,0.06754795107452838,0.11188651265441858,0.4472068386264082,0.5519158371816787
FCNN,5,12,0,0.05087260770157876,0.07703339559007154,0.43026459552417373,0.41609658762434465
FCNN,5,12,1,0.05226994049357271,0.07875924070129836,0.4365014024669477,0.4275256342722962
FCNN,5,12,2,0.05565944067944473,0.081782122333514,0.47686297989917165,0.45524899119881085
LO,6,3,-1,0.043524621482339015,0.08772340305291414,0.20978978471101034,0.3149466768671442
FCNN,6,3,0,0.05032161668076194,0.08297991574207812,0.29544810198748717,0.364294149686169
FCNN,6,3,1,0.05196401165276217,0.08458027278839295,0.30974816381411946,0.37618592933977274
FCNN,6,3,2,0.05848561683163071,0.09154291649669193,0.3506029746758147,0.4233981446204867
LO,6,6,-1,0.0675758481585242,0.1199636264791734,0.33395511934195016,0.488494199218597
FCNN,6,6,0,0.06403720396514413,0.09839591426477313,0.3908035605861198,0.4631326750787226
FCNN,6,6,1,0.06592186029082504,0.09999996441599332,0.4098251014521389,0.47676493659966523
FCNN,6,6,2,0.0728052762126884,0.10724977138185515,0.4527931497718538,0.5265476845545658
LO,6,9,-1,0.08753928760511123,0.14444205576532232,0.44547587163580277,0.6320858608823938
FCNN,6,9,0,0.06733288644995385,0.10206630304751352,0.42147767805604036,0.48643505066585
FCNN,6,9,1,0.06892310557919297,0.10355160952805838,0.4345638739323092,0.49792331982353993
FCNN,6,9,2,0.07417923669066581,0.10928044482519397,0.4719166154275031,0.5358953501094537
LO,6,12,-1,0.09566934821666927,0.15321224282105958,0.49210292697189933,0.6902020627990463
FCNN,6,12,0,0.057885860611258604,0.08856840516861995,0.3741852643848062,0.41777301036743303
FCNN,6,12,1,0.05941431953021885,0.09076918618454938,0.37408396986015047,0.42880418235060946
FCNN,6,12,2,0.06335823576807778,0.09543338341397932,0.4035972369489014,0.4572681585604901
