date,u,frozen,holiday,restday
2022-09-01,0.20555433731622852,0.0009090909090909092,False,False
2022-09-02,0.20982030494670853,0.0018181818181818184,False,False
2022-09-03,0.20891613989959104,0.14469696969696969,False,True
2022-09-04,0.18583883610244487,0.18954545454545454,False,True
2022-09-05,0.18131533909171973,0.0843939393939394,False,False
2022-09-06,0.19650616090922002,0.040757575757575756,False,False
2022-09-07,0.19672759849170637,0.03166666666666667,False,False
2022-09-08,0.20333109528540158,0.03151515151515152,False,False
2022-09-09,0.21141890184648446,0.02772727272727273,False,False
2022-09-10,0.22365088294193713,0.039696969696969696,True,True
2022-09-11,0.21009622019052743,0.042272727272727274,True,True
2022-09-12,0.22071589741819378,0.020454545454545454,True,True
2022-09-13,0.21564745012808628,0.03590909090909091,False,False
2022-09-14,0.23642359891186812,0.4854545454545454,False,False
2022-09-15,0.2134966803953732,0.11727272727272726,False,False
2022-09-16,0.21431002103279795,0.0074242424242424235,False,False
2022-09-17,0.2277020820722587,0.006212121212121211,False,True
2022-09-18,0.22506493204597722,0.006666666666666667,False,True
2022-09-19,0.2072096018917515,0.013636363636363636,False,False
2022-09-20,0.20992995140669443,0.013787878787878788,False,False
2022-09-21,0.2078761570697285,0.01787878787878788,False,False
2022-09-22,0.21305270257932452,0.01196969696969697,False,False
2022-09-23,0.21369044298527648,0.008787878787878787,False,False
2022-09-24,0.22050129094114715,0.012121212121212121,False,True
2022-09-25,0.2264809194940688,0.02803030303030303,False,True
2022-09-26,0.2172924264975402,0.023181818181818182,False,False
2022-09-27,0.21361393321806255,0.02090909090909091,False,False
2022-09-28,0.21546122525664946,0.02090909090909091,False,False
2022-09-29,0.21780597424556314,0.017121212121212124,False,False
2022-09-30,0.21545743212382515,0.03151515151515152,False,False
2022-10-01,0.227677928463177,0.47757575757575754,True,True
2022-10-02,0.19418458532016614,0.14106060606060608,True,True
2022-10-03,0.18828261565089988,0.04454545454545455,True,True
2022-10-04,0.19396037376751477,0.046515151515151516,True,True
2022-10-05,0.2001926719387226,0.031212121212121215,True,True
2022-10-06,0.2065289705981689,0.028939393939393942,True,True
2022-10-07,0.21066882063040568,0.029848484848484846,True,True
2022-10-08,0.2081040517072058,0.019090909090909092,False,False
2022-10-09,0.2130405529362375,0.023636363636363636,False,False
2022-10-10,0.20899874046534914,0.018030303030303032,False,False
2022-10-11,0.2075776138244607,0.023181818181818182,False,False
2022-10-12,0.2027651593885956,0.022878787878787877,False,False
2022-10-13,0.20206346938925088,0.01590909090909091,False,False
2022-10-14,0.2082877373629246,0.01606060606060606,False,False
2022-10-15,0.21766469920614087,0.012878787878787878,False,True
2022-10-16,0.21483939459718474,0.014545454545454547,False,True
2022-10-17,0.2029562256778793,0.011818181818181818,False,False
2022-10-18,0.196340339142716,0.015303030303030303,False,False
2022-10-19,0.19429600254348833,0.016363636363636365,False,False
2022-10-20,0.20099059642499864,0.024545454545454547,False,False
2022-10-21,0.20841008019789894,0.0009090909090909092,False,False
2022-10-22,0.21363219200455585,0.0009090909090909092,False,True
2022-10-23,0.20934892358919754,0.0010606060606060607,False,True
2022-10-24,0.17404688618076103,0.003636363636363637,False,False
2022-10-25,0.20950907549788153,0.017727272727272727,False,False
2022-10-26,0.148674266589254,0.4378787878787879,False,False
2022-10-27,0.13070553679523927,0.3346969696969697,False,False
2022-10-28,0.15553416662708616,0.3143939393939394,False,False
2022-10-29,0.15860924261897957,0.3281818181818182,False,True
2022-10-30,0.16242033273317721,0.3531818181818182,False,True
2022-10-31,0.15946722630267657,0.3139393939393939,False,False
2022-11-01,0.12987741498422717,0.21681818181818183,False,False
2022-11-02,0.12800980103123913,0.225,False,False
2022-11-03,0.19900922846365,0.007575757575757576,False,False
2022-11-04,0.20619325281688802,0.0,False,False
2022-11-05,0.2216812818311452,0.0065151515151515155,False,True
2022-11-06,0.21535138841057164,0.015151515151515152,False,True
2022-11-07,0.20051824189605152,0.003787878787878788,False,False
2022-11-08,0.2074620845403642,0.006363636363636364,False,False
2022-11-09,0.19665255758610511,0.020151515151515153,False,False
2022-11-10,0.20528222279890254,0.015151515151515152,False,False
2022-11-11,0.2075104083586812,0.018636363636363635,False,False
2022-11-12,0.2162739909318484,0.014848484848484849,False,True
2022-11-13,0.21376944992796146,0.022424242424242426,False,True
2022-11-14,0.21107686840401063,0.01590909090909091,False,False
2022-11-15,0.20409554980414302,0.014393939393939395,False,False
2022-11-16,0.20550910258055147,0.014393939393939395,False,False
2022-11-17,0.20104453919505486,0.008484848484848486,False,False
2022-11-18,0.21356367721056282,0.009242424242424243,False,False
2022-11-19,0.22703518693097405,0.009242424242424243,False,True
2022-11-20,0.2226527028191526,0.01,False,True
2022-11-21,0.21266328476034047,0.010151515151515153,False,False
2022-11-22,0.20970109081489485,0.01106060606060606,False,False
2022-11-23,0.2043795258615143,0.006818181818181818,False,False
2022-11-24,0.20160562275573177,0.006363636363636364,False,False
2022-11-25,0.20989897777480415,0.013787878787878788,False,False
2022-11-26,0.2186798070719619,0.012121212121212121,False,True
2022-11-27,0.21967752271762533,0.018484848484848486,False,True
2022-11-28,0.21052218536835063,0.024393939393939395,False,False
2022-11-29,0.2101105383600009,0.020303030303030305,False,False
2022-11-30,0.20360890016242325,0.02378787878787879,False,False
2022-12-01,0.2043597724852977,0.018787878787878787,False,False
2022-12-02,0.21441975757902584,0.016060606060606063,False,False
2022-12-03,0.22714353201589313,0.026060606060606062,False,True
2022-12-04,0.22054768656137957,0.026969696969696973,False,True
2022-12-05,0.2091065359739236,0.011515151515151515,False,False
2022-12-06,0.209970809716462,0.008636363636363636,False,False
2022-12-07,0.20924740362626504,0.02196969696969697,False,False
2022-12-08,0.20584725876220866,0.011515151515151515,False,False
2022-12-09,0.18723838692079608,0.005,False,False
2022-12-10,0.2286940190241529,0.02212121212121212,False,True
2022-12-11,0.22593797600304052,0.015151515151515152,False,True
2022-12-12,0.21854548926331038,0.00803030303030303,False,False
2022-12-13,0.21304801120605021,0.010303030303030303,False,False
2022-12-14,0.21406177371656432,0.016666666666666666,False,False
2022-12-15,0.21405430044413118,0.01575757575757576,False,False
2022-12-16,0.2085806101655953,0.016363636363636365,False,False
2022-12-17,0.21540223514081494,0.02378787878787879,False,True
2022-12-18,0.20853944903050214,0.021969696969696972,False,True
2022-12-19,0.20180961055955007,0.022424242424242426,False,False
2022-12-20,0.20000724625273783,0.02378787878787879,False,False
2022-12-21,0.19108669459071828,0.03651515151515152,False,False
2022-12-22,0.18783147864816532,0.04818181818181819,False,False
2022-12-23,0.1863170732303495,0.05181818181818182,False,False
2022-12-24,0.1839452590765662,0.07106060606060606,False,True
2022-12-25,0.1793529896684873,0.09151515151515151,False,True
2022-12-26,0.1789829100351481,0.054090909090909085,False,False
2022-12-27,0.18426667985463038,0.034999999999999996,False,False
2022-12-28,0.1846826041354821,0.03303030303030303,False,False
2022-12-29,0.18803231223076736,0.027424242424242424,False,False
2022-12-30,0.200203583678523,0.02378787878787879,False,False
2022-12-31,0.20476995839753387,0.024090909090909093,True,True
2023-01-01,0.20082634279339473,0.04772727272727273,True,True
2023-01-02,0.20090120093082828,0.03015151515151515,True,True
2023-01-03,0.20611741139064232,0.022272727272727274,False,False
2023-01-04,0.20687851829935813,0.019242424242424245,False,False
2023-01-05,0.20213861636298294,0.01590909090909091,False,False
2023-01-06,0.20432673335571205,0.01712121212121212,False,False
2023-01-07,0.2172740439120043,0.01681818181818182,False,True
2023-01-08,0.2085624803353446,0.01575757575757576,False,True
2023-01-09,0.1953785935145821,0.017424242424242425,False,False
2023-01-10,0.19506868671028024,0.01818181818181818,False,False
2023-01-11,0.19924313123992513,0.021212121212121213,False,False
2023-01-12,0.2005256317584108,0.02272727272727273,False,False
2023-01-13,0.19527115829243047,0.019696969696969695,False,False
2023-01-14,0.19783169305133189,0.019090909090909092,False,True
2023-01-15,0.19516421077800608,0.027878787878787878,False,True
2023-01-16,0.18279295947304056,0.025303030303030303,False,False
2023-01-17,0.17652650117268043,0.034545454545454546,False,False
2023-01-18,0.16595435397212263,0.04348484848484849,False,False
2023-01-19,0.15950112584048826,0.019090909090909092,False,False
2023-01-20,0.1449762459820184,0.029242424242424247,False,False
2023-01-21,0.13201904285644558,0.08484848484848485,True,True
2023-01-22,0.13352238770463526,0.3593939393939394,True,True
2023-01-23,0.1321401207387952,0.3653030303030303,True,True
2023-01-24,0.1325721830816696,0.3703030303030303,True,True
2023-01-25,0.14376171022032047,0.36303030303030304,True,True
2023-01-26,0.15767869218235936,0.343030303030303,True,True
2023-01-27,0.17486778215388474,0.3281818181818182,True,True
2023-01-28,0.18422504951033516,0.29363636363636364,False,False
2023-01-29,0.1993089965884578,0.2915151515151515,False,False
2023-01-30,0.203395182383746,0.2915151515151515,False,False
2023-01-31,0.20170503666978123,0.27651515151515155,False,False
2023-02-01,0.16667172076826942,0.18121212121212119,False,False
2023-02-02,0.16907579402956108,0.18287878787878786,False,False
2023-02-03,0.17808833177476657,0.1793939393939394,False,False
2023-02-04,0.19585967511759705,0.145,False,True
2023-02-05,0.20502429195323338,0.25181818181818183,False,True
2023-02-06,0.19192452495455462,0.22954545454545452,False,False
2023-02-07,0.19189454586073185,0.2456060606060606,False,False
2023-02-08,0.19448495743663263,0.23575757575757575,False,False
2023-02-09,0.19550279535999973,0.20287878787878788,False,False
2023-02-10,0.20505166555925305,0.23045454545454547,False,False
2023-02-11,0.21522130296639727,0.22848484848484849,False,True
2023-02-12,0.21335108973844238,0.24015151515151514,False,True
2023-02-13,0.20262390221110302,0.2337878787878788,False,False
2023-02-14,0.19574022445537312,0.14787878787878786,False,False
2023-02-15,0.20183389946705413,0.23924242424242426,False,False
2023-02-16,0.20289682933658373,0.2203030303030303,False,False
2023-02-17,0.20923890582357293,0.24954545454545454,False,False
2023-02-18,0.22528344629222727,0.253030303030303,False,True
2023-02-19,0.22481344124214053,0.2733333333333334,False,True
2023-02-20,0.20959170366787247,0.25106060606060604,False,False
2023-02-21,0.19305143194744978,0.15575757575757576,False,False
2023-02-22,0.20414604456720753,0.2362121212121212,False,False
2023-02-23,0.20676554742628486,0.23545454545454547,False,False
2023-02-24,0.2080655596051136,0.23651515151515154,False,False
2023-02-25,0.2209059535230732,0.24181818181818182,False,True
2023-02-26,0.22211320568230805,0.2537878787878788,False,True
2023-02-27,0.20850402262557446,0.24181818181818182,False,False
2023-02-28,0.20435133088266724,0.2296969696969697,False,False
