daytype,hour,mean,q25,q75,n
holiday,0,0.21999116329695392,0.18891731551966287,0.24708682451693512,20
holiday,1,0.22280329279149585,0.1828589763706695,0.2505551621052198,20
holiday,2,0.22089041107830604,0.1877733494450448,0.2456839086224139,20
holiday,3,0.21918847021826804,0.18459249523608875,0.24373606092409614,20
holiday,4,0.2183260896110399,0.18195333527632776,0.24225727345669604,20
holiday,5,0.21750535926674783,0.18179759349927685,0.24168946736161548,20
holiday,6,0.2178322691250775,0.18578640524121692,0.24160727949506547,20
holiday,7,0.21372401607404812,0.18541810442570036,0.23983354636078802,20
holiday,8,0.19563256544119298,0.1694782706690885,0.21790537443151364,20
holiday,9,0.17979587171815278,0.15933118079414005,0.20043051609640034,20
holiday,10,0.16529030249545962,0.14456399342861898,0.18434551526259962,20
holiday,11,0.15582594230116362,0.13015914316849791,0.17864451208755722,20
holiday,12,0.15904621072541686,0.12646938921158535,0.1862501829994661,20
holiday,13,0.16046458515396872,0.13248360976148918,0.18585784913144107,20
holiday,14,0.15223955559496372,0.12439138953871416,0.17580398957096777,20
holiday,15,0.14853589625279034,0.12091171370384593,0.17078683145501586,20
holiday,16,0.14799250534920794,0.121787251077765,0.16661196956680813,20
holiday,17,0.14987007434216076,0.12154958736934615,0.1702659675694174,20
holiday,18,0.15618238429703998,0.1267266530969055,0.17747485272960256,20
holiday,19,0.1644713577965255,0.1308068735792915,0.18907943642122974,20
holiday,20,0.17313555272651038,0.1413252117251685,0.19841368729138817,20
holiday,21,0.18085436007719263,0.15160780494927686,0.2063302723572518,20
holiday,22,0.18937063348434377,0.16315138600262713,0.2142143449384864,20
holiday,23,0.19785319635746973,0.17494937097116448,0.22238870744243014,20
weekday,0,0.24769959001319877,0.23893823828886857,0.26571797652751705,121
weekday,1,0.25011721879216464,0.24302328491370395,0.2663290048343541,121
weekday,2,0.24640077647459255,0.23964873734083805,0.26360547205226287,121
weekday,3,0.2434860294681013,0.23524165111593903,0.261676061618732,121
weekday,4,0.24237146522289157,0.23420239191573972,0.2594184270542529,121
weekday,5,0.24275673912160314,0.23400644639006524,0.26116332931868624,121
weekday,6,0.24396232129925052,0.23520378245096377,0.26108514815568923,121
weekday,7,0.21390088973334473,0.20582509216068215,0.2255598606860272,121
weekday,8,0.1774255992273232,0.17424870742917942,0.18609566721651288,121
weekday,9,0.1726533385758726,0.16911239977263837,0.18197503636463983,121
weekday,10,0.16452765157680785,0.16071773031218486,0.17479841393564563,121
weekday,11,0.16130965099558298,0.15685451710766013,0.17165985362611108,121
weekday,12,0.1712177367421336,0.1651790504626957,0.18270812688602342,121
weekday,13,0.1706139593906778,0.168852334291285,0.18210788199126168,121
weekday,14,0.1592019306756023,0.1554072181768891,0.1684287888861268,121
weekday,15,0.1532905571774183,0.1492823711553942,0.16315585157405516,121
weekday,16,0.15174495223032197,0.14871668340810748,0.1602297359396255,121
weekday,17,0.15285751102841902,0.1491705695730309,0.16227211782243103,121
weekday,18,0.1586158130854201,0.15688400107010994,0.1677139428378911,121
weekday,19,0.18046305780469465,0.17717074077248712,0.19227922173312811,121
weekday,20,0.1994756776233315,0.19530248994779614,0.21340206014794116,121
weekday,21,0.20990586343717066,0.20442465896050988,0.2241610506825425,121
weekday,22,0.21987065491435953,0.21331246227799158,0.23474182829559936,121
weekday,23,0.22656912016288613,0.21922367731523182,0.24298030400648712,121
weekend,0,0.25401389000358493,0.2438605755803129,0.271332855614331,40
weekend,1,0.2590667381085374,0.25140106687108116,0.27469113525455796,40
weekend,2,0.25475951456003293,0.2435985729079035,0.2710340711564624,40
weekend,3,0.2527550948726366,0.24177064241596685,0.26906823427094406,40
weekend,4,0.25215981938018006,0.24074336194914614,0.2696745255718019,40
weekend,5,0.2526130910757941,0.24218363848682964,0.26982234678271283,40
weekend,6,0.25379774732718446,0.2426803728341033,0.26899056709639985,40
weekend,7,0.24644867546342653,0.23600805343740283,0.2610638737622936,40
weekend,8,0.22046655543837393,0.21698322961220282,0.23217287916034252,40
weekend,9,0.1998873881369479,0.19784785852306708,0.20926868147675431,40
weekend,10,0.18594445644115226,0.18191937801462302,0.19589745741999565,40
weekend,11,0.17964346141341386,0.17375457510439068,0.19001273089954746,40
weekend,12,0.18550392654531755,0.1771006222403511,0.1983004508602934,40
weekend,13,0.18606323508364367,0.18023548693578456,0.19832233632069507,40
weekend,14,0.17574985584178743,0.16901378457338675,0.18599007292798167,40
weekend,15,0.17050765921566666,0.1634741905788089,0.18153764398435018,40
weekend,16,0.1694895814141709,0.1638213606192653,0.18051529667712055,40
weekend,17,0.17159384204067732,0.1671734480353253,0.1833498413161525,40
weekend,18,0.1774117865618313,0.172998702477753,0.18776868364577018,40
weekend,19,0.18774522883643466,0.1819468335622098,0.19938074519930687,40
weekend,20,0.19775958508817815,0.1931105541994988,0.20933383545027898,40
weekend,21,0.20531100478763195,0.1974402135899007,0.21769164198554336,40
weekend,22,0.2138327230673191,0.20747347817497375,0.22731176208673531,40
weekend,23,0.22174011753142048,0.21265968211734004,0.23877526902234333,40
