zone,mean_util,z,lag,I_local,p,cluster
102,0.2991247617611244,0.8838108697919752,-1.0049842828738718,-0.8882160331740211,0.086,ns
104,0.06539508185892705,-1.2694820021783428,-0.5646334905730472,0.7167920541096184,0.116,ns
105,0.10607237230158514,-0.8947323358206362,-0.497725459257884,0.4453310627592054,0.208,ns
106,0.12881084371191936,-0.6852485063477955,-0.5119847647470442,0.3508367953157396,0.231,ns
107,0.12017800907787209,-0.7647806448856609,-0.4914072415160372,0.37581874706811863,0.356,ns
108,0.29749838948640545,0.8688275102640458,-0.7777594058282218,-0.6757387681501775,0.054,ns
109,0.15636417814114983,-0.43140655247055265,-0.7580210897542032,0.32701526503083217,0.042,LL
110,0.06702395159566092,-1.2544756341597632,-0.10911989569738922,0.13688825035442956,0.841,ns
111,0.13416600373282736,-0.635912761284923,-0.7284750441614586,0.46324657685986936,0.075,ns
115,0.03850017749663308,-1.5172580051227877,-0.40464135943857327,0.6139453418119426,0.364,ns
123,0.1078324509629636,-0.8785171729143285,-0.35541123778621386,0.3122348758419268,0.48,ns
124,0.12531895063191323,-0.7174184407866139,-0.05358810828725824,0.03844509709214903,0.917,ns
202,0.09243026227289478,-1.0204136711808083,-0.9051693624925938,0.9236471922214595,0.026,LL
204,0.10321500900638271,-0.9210565066266869,-0.41957006657700274,0.3864477398065406,0.273,ns
205,0.07500607981681104,-1.1809382904687615,-0.6545942414448968,0.7730354044426321,0.083,ns
206,0.12681759440427295,-0.7036118118895255,-0.6003084025440368,0.4223840828065164,0.128,ns
208,0.2797237131736564,0.7050738790528206,-0.21663219118069985,-0.15274169936348828,0.72,ns
212,0.05683427770943948,-1.34835054194248,0.23516265520795643,-0.3170816935942806,0.696,ns
213,0.11754361534168493,-0.7890506531125524,-0.5156241988840415,0.4068536108900896,0.359,ns
214,0.08570922239632016,-1.08233292450162,-0.27435667152200793,0.29694525864494514,0.66,ns
215,0.07987640554587856,-1.1360692020373604,-0.39455860539630755,0.4482458799895569,0.415,ns
216,0.2588687936802078,0.512942740595999,-0.949130337419931,-0.48684951645898467,0.017,HL
217,0.23004512485309186,0.2473975147802922,-0.20022888502483865,-0.04953612854237395,0.694,ns
223,0.20521668726847772,0.018659351550527076,-0.18528378006953156,-0.0034572751889279316,0.817,ns
224,0.1438211739053678,-0.5469621020494704,-0.46545683372214247,0.25458724818595385,0.311,ns
225,0.11563961720341308,-0.8065917100339546,0.3072054477246159,-0.24778936741194457,0.466,ns
226,0.17809311636566827,-0.23122329883362738,-0.14485850008501283,0.03349466025374796,0.73,ns
227,0.32648932068440606,1.1359136823178404,-0.4714015027135984,-0.5354714167975669,0.24,ns
235,0.25808316775266305,0.505704966127112,-0.07119198000789133,-0.03600213783841272,0.867,ns
307,0.220535105637716,0.15978409487855602,-0.08215932318914726,-0.013127753091612654,0.827,ns
309,0.07129741335954586,-1.2151053036195354,-0.4153572137136733,0.5047027532801173,0.216,ns
310,0.15257457405006797,-0.4663192237253573,-0.7662134050147131,0.3573000402344238,0.173,ns
311,0.13972447786646408,-0.5847039343357752,-0.8407122636724463,0.491567768213615,0.239,ns
316,0.5111669611467284,2.837302427582097,0.221617425717131,0.6287956599817108,0.513,ns
320,0.10115701411104246,-0.9400162970159169,0.19778083246164774,-0.18591720575132356,0.557,ns
321,0.0997220860015514,-0.9532359295043961,-0.4309315596839961,0.4107794458481532,0.336,ns
322,0.19638904049708555,-0.0626675423085007,-0.2595516500853222,0.0162654640129631,0.568,ns
323,0.2451904058160872,0.3869271866441821,-0.5914656509144296,-0.22885414030499013,0.134,ns
324,0.08523098246494225,-1.086738828945414,-0.4460166339565528,0.48470359447611955,0.218,ns
325,0.16532258098001182,-0.3488750357832754,-0.21492483882749602,0.07498191083665737,0.605,ns
326,0.11035287381570476,-0.8552971498285585,-0.19917528262522521,0.17035405154565275,0.557,ns
328,0.24363801704561644,0.3726254185701394,0.33906592217394693,0.1263445811729373,0.516,ns
329,0.21923612325529224,0.14781689624953068,0.23461466183204627,0.03468001112664631,0.649,ns
330,0.29579748140594864,0.8531574710672398,0.283737808777606,0.24207303138286243,0.493,ns
331,0.4437645396801359,2.2163408374310967,-0.3630170814364275,-0.8045695822726044,0.464,ns
332,0.17692559076642675,-0.24197941911643278,0.1153031292451282,-0.027900984237043094,0.73,ns
333,0.2680219791202807,0.59726874049545,0.1303613774430038,0.07786077571463484,0.793,ns
335,0.24444642911743392,0.3800731160666137,-0.1541977818415481,-0.058606431435077086,0.675,ns
340,0.029646045671014403,-1.5988288991383364,0.3257046528812684,-0.5207460116103922,0.588,ns
343,0.12701201698383743,-0.7018206454664103,0.3866793223203029,-0.2713795315793491,0.621,ns
346,0.24588057353238274,0.3932855285739921,-0.3228537485595777,-0.12697370715434828,0.464,ns
347,0.09527037465683486,-0.9942484286900308,-0.26768973441738253,0.26615009782093424,0.476,ns
348,0.06678742789294718,-1.2566546676625625,-0.0874642815443557,0.10991239765646711,0.842,ns
406,0.18951129123752383,-0.12603051983882743,-0.2987914572394017,0.03765684267928258,0.603,ns
408,0.09384403073942343,-1.007388977171616,-0.12603051983882743,0.12696175647284344,0.895,ns
501,0.4605972781798662,2.3714166320087315,0.6616038324165047,1.5689383319932166,0.183,ns
502,0.1663258963001224,-0.33963174358334275,0.8939563713248042,-0.30361596108048144,0.116,ns
506,0.18373716031011741,-0.17922613869651924,0.27049565928287167,-0.04847989254743837,0.503,ns
508,0.11442909378837794,-0.8177439584006961,-0.400398130930234,0.32742315252312976,0.382,ns
511,0.09980599993964694,-0.9524628514561324,0.09167919036249206,-0.08732102307184876,0.879,ns
512,0.19560980878818174,-0.06984640844607445,-0.3141237138931309,0.02194041322317745,0.478,ns
513,0.32938902582685364,1.1626279379342466,0.27850241399533227,0.323794687293103,0.454,ns
516,0.33265005412843024,1.1926709731192373,0.6254832361643247,0.7459956999458748,0.258,ns
519,0.19305278451348168,-0.09340363124495336,0.29542862942469184,-0.027594106761985895,0.447,ns
520,0.14968289976000276,-0.49295949311460524,0.6538606062360838,-0.32232679301774836,0.265,ns
522,0.43794666587685543,2.1627422264379668,0.2095921385890655,0.45329376845601044,0.651,ns
525,0.21182757875708713,0.0795638354215892,0.29244365578340736,0.023267938898838905,0.559,ns
526,0.22825316587778352,0.23088864654409172,-0.2557848085578979,-0.05905780825447266,0.566,ns
527,0.19713269532072247,-0.05581643708466359,0.6870952980125979,-0.03835121147268836,0.181,ns
528,0.10879645276392833,-0.8696360662981191,0.06232428353193428,-0.05419944476555997,0.861,ns
529,0.266088128033773,0.5794526558554013,1.50601371249715,0.8726636454611263,0.008,HH
552,0.3215859190840763,1.0907398741869432,-0.5323096138031059,-0.5806113211881001,0.443,ns
553,0.0993284443619277,-0.9568624511214501,0.19995801993645695,-0.19133232107778997,0.698,ns
558,0.05072958443545517,-1.4045915487240581,-0.20250835116229493,0.2844415185886032,0.738,ns
559,0.049660980611308685,-1.4144363275234715,-0.33178745734451387,0.46929223268472464,0.487,ns
570,0.5809864923539019,3.4805322430493724,-0.7290410851027233,-2.5374510032077295,0.106,ns
575,0.43305156837116177,2.117644921846524,-0.25945007891952593,-0.5494231420966139,0.67,ns
576,0.29523514691462677,0.847976824551431,0.16966887211791182,0.14387527140376968,0.767,ns
577,0.1601503912513394,-0.3965251214715317,1.4561250750191397,-0.5773901722497076,0.012,LH
578,0.06970216353365978,-1.2298019398384772,1.7338840144747882,-2.1323339244560207,0.006,LH
580,0.07855840578133988,-1.1482116030342182,-0.16029294354916407,0.1840502176676591,0.733,ns
582,0.06768962698395846,-1.248342933899929,0.17766604230694089,-0.2217881485078355,0.705,ns
584,0.19465171434758455,-0.07867309203403638,-0.2931006084001579,0.02305913113989768,0.498,ns
585,0.1532141791532246,-0.46042670245857026,-0.06022667110538482,0.027729967577109188,0.91,ns
587,0.21817067469405427,0.1380011860952843,-0.23498756676401764,-0.03242856293107924,0.574,ns
588,0.3649549901482993,1.490288239741726,0.10370782216921162,0.15455454774800234,0.808,ns
589,0.14567189894157054,-0.52991183684524,0.11743856033314398,-0.06223208322259687,0.797,ns
592,0.2342264921119647,0.28591940176267494,0.06458800143269686,0.018466962730683475,0.904,ns
594,0.12905594974888884,-0.6829904059537671,0.05983264591596699,-0.0408651231234343,0.912,ns
595,0.36491303092940836,1.489901679990354,-0.3658135100693207,-0.5450261632154492,0.347,ns
596,0.12401085964628594,-0.729469554690584,-0.0885670676810198,0.06460697942152432,0.859,ns
598,0.26249157730124484,0.5463185367342304,0.02237226898524869,0.012222385255445669,0.953,ns
601,0.45927201789770805,2.359207341685524,-1.248342933899929,-2.945099814597959,0.184,ns
628,0.28840551751652704,0.785057163226088,0.17696286696339344,0.13892596633463727,0.771,ns
631,0.09568692859961107,-0.9904108217752972,0.6444162178074849,-0.63823679584404,0.142,ns
632,0.2422684603464535,0.36000803647600066,-0.9904108217752972,-0.356555855251907,0.349,ns
633,0.3257039627292514,1.1286783766113193,-0.8175578664593351,-0.9227598855011362,0.092,ns
637,0.14420853992630764,-0.5433933961320949,-0.8761860325850546,0.4761137038898992,0.246,ns
638,0.09761466118571549,-0.9726511053436463,0.2535331633618692,-0.24659931158519333,0.562,ns
643,0.1185563090879602,-0.7797209598264627,-0.7580222507378707,0.5910458369151481,0.276,ns
644,0.1543415345629017,-0.4500406600490198,-0.6188398878262613,0.27850311158199204,0.209,ns
647,0.06644707293284277,-1.2597902724768046,-0.40749320117800075,0.5133559709444789,0.706,ns
651,0.15895985846673538,-0.40749320117800075,-0.3644927942412642,0.1485283355316871,0.522,ns
655,0.11912448890895543,-0.7744864617556214,-0.27812785016920805,0.21540625459324755,0.64,ns
656,0.12883577110974137,-0.6850188564887388,-0.9488417753809939,0.6499745079602333,0.175,ns
659,0.1453710940329419,-0.5326830769627756,0.22182976006129024,-0.11816495915136231,0.774,ns
681,0.15122532923977744,-0.47874947748584357,0.331259911279961,-0.15859050943728822,0.297,ns
682,0.2933949579245278,0.8310236252952798,-1.279181275007485,-1.0630298605665585,0.168,ns
686,0.06434227201445612,-1.279181275007485,0.4099812658553163,-0.5244403583859861,0.496,ns
687,0.05999643005406039,-1.319218426129864,0.20810405123096198,-0.2745346989361583,0.735,ns
690,0.32222627587167746,1.0966393205338356,0.15415095475682228,0.16904799828416361,0.811,ns
691,0.4679714783910437,2.439353287541118,-0.11128955279801422,-0.27147453648681685,0.873,ns
693,0.12745721495988271,-0.6977191482631665,-0.09127097723682465,0.06368150849882415,0.901,ns
698,0.41343554324599124,1.9369274062272195,0.6312078485957971,1.222603780970921,0.344,ns
699,0.18242295479346346,-0.19133358424001706,0.10540967854546329,-0.02016841160969152,0.809,ns
700,0.17110172446007796,-0.29563323753614074,0.508370965944085,-0.150291354531425,0.228,ns
701,0.2293122035457414,0.24064529474776006,0.1434547478063457,0.034521710068823645,0.79,ns
703,0.2396659411592629,0.3360316804681182,0.11850244481841501,0.039820575671912446,0.771,ns
704,0.2818599109042541,0.7247541325334225,-0.14537870623887234,-0.10536381812898517,0.699,ns
705,0.19136840981286124,-0.10892135256340467,0.27546866082506977,-0.030004419125896364,0.491,ns
706,0.280871235682753,0.7156457158871378,0.8068206918941411,0.5773977716431384,0.068,ns
708,0.2973234692805085,0.8672160143141987,-0.042567318680490004,-0.03691506044613688,0.925,ns
709,0.16834176613545665,-0.32106004079805,-0.13183640525132206,0.04232740164865772,0.789,ns
710,0.1304903607500633,-0.6697755374544084,-0.059001114325095326,0.039517503057499716,0.857,ns
711,0.1120932893424061,-0.8392631384463471,-0.563264829351061,0.4727274084576176,0.253,ns
712,0.21312992103163184,0.09156198789335132,-0.2207925171879207,-0.020216201785702957,0.661,ns
715,0.27009343567809696,0.6163525498020318,-0.13780654387169403,-0.08493741469472417,0.806,ns
716,0.2617934044375499,0.5398864453908182,0.15043050501684363,0.08121539063188936,0.775,ns
718,0.056244314267499096,-1.3537857270451372,1.160924139340344,-1.5716425300211179,0.087,ns
719,0.5463148838752051,3.161111417127035,-1.3537857270451372,-4.279467518106007,0.147,ns
724,0.18739276534139504,-0.14554796714431092,-0.1412569608022765,0.020559663489754958,0.827,ns
728,0.16606082496064042,-0.342073779297887,0.8935746511595469,-0.30566845800693726,0.101,ns
729,0.214988955332402,0.10868880426631593,0.243181415113439,0.026431097228470292,0.553,ns
731,0.1391427872665438,-0.5900629038214844,0.2589117741455565,-0.1527742332858994,0.593,ns
732,0.05556068648556674,-1.3600838182012616,0.20703985556937038,-0.28159155728262697,0.703,ns
733,0.3591656945498181,1.4369529125759377,-0.015813545382710792,-0.022723320095838044,0.969,ns
737,0.11117295219078795,-0.8477419736084801,0.43710889432547334,-0.37055555675729734,0.297,ns
741,0.18936053591940125,-0.12741939074328773,-0.7176039047891007,0.09143665234323148,0.213,ns
744,0.2091628195184181,0.05501407744243961,0.07821919225217455,0.004303156700046203,0.895,ns
745,0.3892490035563013,1.7141028871792776,0.5485622361411707,0.9402921127671015,0.348,ns
746,0.33623240039624713,1.2256742300725152,0.7767641504058769,0.9520598019966545,0.084,ns
751,0.18424612059095372,-0.17453721538434336,0.7851238359428966,-0.1370333280573472,0.089,ns
771,0.4198734598865872,1.9962383162423065,0.45618965432605085,0.9106632674389956,0.316,ns
773,0.31535705773520695,1.0333549380991336,0.45782700528604037,0.47309779670746793,0.202,ns
775,0.5013186451767386,2.7465723645966684,-0.10849334179636366,-0.2979848143206331,0.8,ns
781,0.2906582026361681,0.8058105857822068,1.26591552298015,1.0200881291234234,0.007,HH
783,0.0544820060038413,-1.3700214307175873,0.9071871323944416,-1.2428658130516181,0.005,LH
790,0.09174119822135167,-1.0267618453242873,0.6739072778921156,-0.6919422802259758,0.125,ns
792,0.43479293365471744,2.133687683100234,0.3264795077496721,0.6966053044701027,0.387,ns
795,0.36901853217206537,1.5277246324086253,0.27136400577756775,0.4145694759754668,0.479,ns
799,0.2897649560759923,0.797581329438967,0.5367370727835934,0.428091468069918,0.177,ns
802,0.3111262689279888,0.9943777427972499,0.8897361913298625,0.8847338656196108,0.071,ns
804,0.10492696037352223,-0.9052847284016713,0.7648929533314512,-0.6924459095130151,0.081,ns
805,0.3526128548928592,1.376583245658162,-0.11877945763495051,-0.16350981130863632,0.823,ns
809,0.48346222987162457,2.582065692566257,0.8058105857822068,2.0806558682549547,0.442,ns
832,0.3806985785383066,1.6353299677482966,0.4362605635039989,0.7134299732448482,0.458,ns
842,0.32268427505696884,1.1008587520646058,1.1960549185453249,1.31668752503054,0.22,ns
844,0.33301736527850256,1.1960549185453249,0.42233900005007274,0.5051406383034037,0.562,ns
848,0.1983278679238276,-0.044805611894994296,0.7621654697716589,-0.03414929023835495,0.043,LH
849,0.17538410376112365,-0.25618075196446033,0.7528847109534337,-0.192874571394596,0.09,ns
851,0.4266370188770601,2.058549287486653,0.05945663484690644,0.12239441330045335,0.948,ns
852,0.25842881607497425,0.5088893373586675,0.47148574280046884,0.2399340672277897,0.244,ns
855,0.21507173259800627,0.109451410436236,-0.009761934398748158,-0.0010684574885289953,0.981,ns
858,0.2976472385041726,0.8701988189018357,-0.06444696746424991,-0.056081674969195305,0.91,ns
862,0.1608612598330462,-0.3899760676648546,0.7387080873711318,-0.28807847506521983,0.06,ns
881,0.2802517672153092,0.7099387083906346,0.5294638861138259,0.3758869074471356,0.241,ns
882,0.1649697464979388,-0.35212561130090364,0.21438484739482974,-0.07549039544255536,0.747,ns
883,0.20080563624398123,-0.021978554311151036,0.34574959425715207,-0.007599076235439251,0.492,ns
887,0.2717555151575248,0.6316648708440048,-0.42490741831872486,-0.2683990895129569,0.571,ns
888,0.3193337159273166,1.0699908918338716,-0.18791296902388344,-0.20106516531301574,0.706,ns
890,0.05179171371487494,-1.394806418280023,0.2376798357135549,-0.3315173603490078,0.624,ns
891,0.263245108664488,0.5532606320383294,-0.5723181907780497,-0.316641123956897,0.244,ns
893,0.11290110031760993,-0.8318209787020919,-0.3663625689117007,0.3047480706319435,0.736,ns
895,0.1634243925944041,-0.3663625689117007,-0.8381083841094772,0.3070515406287825,0.149,ns
897,0.12431922769157136,-0.726628637293468,-0.20343985843613738,0.14782522710662654,0.712,ns
900,0.32160758517625043,1.090939478455693,-1.2357000053979434,-1.3480739194165294,0.062,ns
901,0.09943556925916197,-0.9558755363328719,-0.16572919337770525,0.15841648160592825,0.744,ns
902,0.08633219953303255,-1.0765935925158638,0.02894406432362956,-0.031160994192186594,0.967,ns
903,0.18868776776037427,-0.13361743491948122,-0.6393797929191858,0.08543228786921069,0.264,ns
904,0.1898200286728506,-0.12318619934398171,-0.12439466768600141,0.01532370633089613,0.804,ns
958,0.2253079719322615,0.20375531400319927,-0.3481458956577418,-0.07093657628866823,0.44,ns
965,0.33649836866391963,1.228124528961339,0.4590716162710373,0.5637971124923883,0.336,ns
966,0.2630731124037344,0.551676073661142,0.6084941893525292,0.33569168522762277,0.128,ns
967,0.27730154642007204,0.6827590647451163,0.28464243229724884,0.1943422008620447,0.637,ns
969,0.24016711684849407,0.34064888629186235,0.9766752611313869,0.33270333997322077,0.019,HH
972,0.33961349231324023,1.2568233812089227,0.3958923021199537,0.4975667017449845,0.335,ns
974,0.39302948513738833,1.7489315150393598,0.7648108623365366,1.3376018201847983,0.068,ns
975,0.2402108863961399,0.3410521241476392,0.061503191091481474,0.020975793963607915,0.9,ns
977,0.1261220531507561,-0.7100196588689327,-0.49736328681988196,0.3531377112417837,0.318,ns
979,0.1972900861019613,-0.054366435324094596,1.4137704934034778,-0.07686166209273348,0.007,LH
981,0.3841556635027717,1.6671792237558924,0.386194826872551,0.6438559916839209,0.329,ns
982,0.35155574600614115,1.3668443668319086,1.3335509791147522,1.822756643686175,0.007,HH
983,0.2910843552078582,0.8097366224557524,0.6690570626885926,0.5417600061716276,0.162,ns
984,0.1721601469927581,-0.2858822564193796,0.5259963444346936,-0.15037302181533538,0.206,ns
986,0.3755289464465531,1.587703444926977,0.4939729719151521,0.7842825892105038,0.234,ns
987,0.039836226046341794,-1.504949325198621,0.304882342570748,-0.45883247571682195,0.507,ns
988,0.14461229632168954,-0.5396736898091664,0.46125303363482983,-0.24892612659738017,0.223,ns
989,0.16674135194292194,-0.3358042550306076,0.3104863576866607,-0.10426264004013587,0.48,ns
991,0.22877220003579202,0.23567037795799037,0.04067818206899633,0.009586642542844312,0.925,ns
996,0.3911428955637539,1.7315508388542027,-0.20273808549848954,-0.35105130201260465,0.651,ns
998,0.1767965152207762,-0.24316855971899268,0.23106170591542205,-0.05618694223366663,0.624,ns
1000,0.21846983146003088,0.1407572422882705,0.23889344487498101,0.033625982501347296,0.631,ns
1009,0.19813184076929474,-0.04661156086452538,0.05677437281781766,-0.002646342134142963,0.899,ns
1011,0.17275392561307631,-0.28041192303598317,0.24308357473526265,-0.06816353264997613,0.575,ns
1015,0.1490455781547023,-0.49883097708882895,0.46998604836838753,-0.23444359972572038,0.346,ns
1026,0.33451138433633054,1.2098189411082916,-0.23426877420277814,-0.2834228003407425,0.628,ns
1029,0.19149481899650095,-0.10775677648476173,0.20142661940026607,-0.021705083204795642,0.616,ns
1031,0.21777643065281174,0.1343691147033262,0.5424570983172378,0.07288948006542241,0.453,ns
1043,0.1767248367173225,-0.24382891577914262,-0.05006693853630863,0.012207767339689106,0.943,ns
1049,0.35778199111836245,1.4242052001881866,0.7952621779266512,1.1326165293161197,0.262,ns
1060,0.055027006950350135,-1.3650004737992123,-0.8180926475558742,1.1166968515254203,0.152,ns
1061,0.15213075579585533,-0.47040800989768367,-0.6450500971994348,0.30343673250789355,0.096,ns
1062,0.11162870590075716,-0.8435432290782117,-0.4674278374416687,0.39429558735659065,0.156,ns
1066,0.15882704774096848,-0.40871675305739724,0.571599152178796,-0.23362214952887858,0.215,ns
1067,0.28178524922640125,0.7240662932363457,-0.6115703085853027,-0.44281744639076825,0.131,ns
1068,0.20503069350041883,0.016945837652079545,-0.3966064464704083,-0.006720828453655716,0.286,ns
1071,0.3245863255255139,1.1183818655937037,-0.5091533113488917,-0.5694278302195854,0.261,ns
1072,0.1368872407930454,-0.6108426873124566,-0.429778805914526,0.2625272407547678,0.304,ns
1074,0.16598134729716582,-0.3428059870616264,-0.4373813157760819,0.14993693367693267,0.335,ns
1075,0.32729881191170346,1.1433713218028703,0.27557945667755573,0.31508964764313374,0.57,ns
1076,0.15411123883378888,-0.45216231679433067,-0.5057871450921736,0.22869788732966748,0.221,ns
1081,0.14772757192637398,-0.5109734376349582,-0.2191132751448981,0.11196106343224302,0.71,ns
1082,0.15734377475446135,-0.42238177476267835,-0.248643829435658,0.1050226219608219,0.665,ns
1083,0.30958161706909626,0.9801472529475195,-0.031937307604954945,-0.03130326431553651,0.958,ns
1085,0.23179261955968233,0.26349674486986263,-0.13969449113735433,-0.03680904369094474,0.744,ns
1087,0.16120627238561908,-0.3867975536203125,-0.46506700300365333,0.17988677903134362,0.266,ns
1088,0.13896449611106462,-0.5917054554836838,-0.31787470786831196,0.18808819880596245,0.388,ns
1090,0.13201604692588728,-0.6557197736821732,-0.3565257759551102,0.23378100112114603,0.392,ns
1092,0.09768433696110412,-0.9720091999144508,-0.3513859925862133,0.3415504175148703,0.387,ns
1094,0.2732921918078698,0.6458218870992607,0.16140385804796745,0.10423814418963953,0.776,ns
1095,0.22661111104426285,0.21576080753843352,0.4975020231365744,0.10734143826395172,0.429,ns
1096,0.10158432325688958,-0.9360796051149766,-0.27482264895141384,0.25725587670709127,0.539,ns
1098,0.21070055085374287,0.0691808102456751,0.5585494168165477,0.038640901217618075,0.171,ns
1099,0.22233809050722636,0.17639454191040727,-0.3161468628543805,-0.0557665810496108,0.537,ns
1100,0.22297365194529856,0.18224980990578007,-0.5331613250104084,-0.09716855013226075,0.272,ns
1102,0.1417023386586569,-0.5664823993242163,-0.3894601004070293,0.22062229211962414,0.453,ns
1104,0.08672861412704266,-1.0729415243660927,-0.429531360349085,0.46086203253598873,0.345,ns
1106,0.10560759487906095,-0.899014213549613,0.17968246396722165,-0.16153708903214845,0.677,ns
1107,0.13463220351617095,-0.6316177797027469,-0.44759238065212065,0.2827073056793592,0.247,ns
1109,0.06521515964269625,-1.2711395803938308,-0.6588517888654244,0.8374925864401204,0.122,ns
1110,0.09943768898119544,-0.9558560078658533,-0.8358389090848896,0.7989416428568324,0.135,ns
1111,0.20473425558700145,0.014214829565256775,-0.40100225222845287,-0.005700178670711566,0.285,ns
1112,0.1704606742864499,-0.3015390718744509,-0.5766510815897801,0.17388283193798054,0.248,ns
1113,0.077994227587405,-1.1534092351194092,-0.4546286337609307,0.5243728647295771,0.346,ns
1114,0.060429700197487814,-1.315226817054499,-0.3775840503884521,0.4966086687629494,0.382,ns
1115,0.17974949744948754,-0.2159634756800298,-0.8035907423348712,0.17354624973893404,0.044,LL
1119,0.14894513321400002,-0.4997563511146274,-0.9317536244783392,0.4656497915071236,0.078,ns
1120,0.10793725348705385,-0.8775516535665825,-0.2951424945003317,0.25900278408653205,0.613,ns
1121,0.26948289034955836,0.6107277489444467,-0.5957344453651895,-0.36383155678655066,0.144,ns
1124,0.2013095568485431,-0.017336060271472022,-0.6873273161686461,0.011915547779328755,0.106,ns
1125,0.08014764068784984,-1.1335703807576711,0.1868946256841578,-0.21185821199835317,0.755,ns
1126,0.1894002036683968,-0.12705394172887513,0.041223796742031034,-0.005237645869105003,0.937,ns
1130,0.04558683958180721,-1.4519703661697327,-1.1150857616670813,1.6190714816784073,0.036,LL
1134,0.07379599277988358,-1.1920865185935332,-0.7740795518559384,0.9227697980863879,0.088,ns
1135,0.04515357089379554,-1.4559619618367179,-0.41338625048597655,0.6018746562538873,0.345,ns
1137,0.21457269284776231,0.10485388248223457,-1.357902407730437,-0.1423813394825106,0.01,HL
1138,0.06574013161701722,-1.2663031453687088,-0.011704066423951998,0.01482089612625471,0.983,ns
1143,0.09130154490928903,-1.0308122609300365,-0.6462632452133512,0.6661760769543572,0.362,ns
1144,0.14076606542173656,-0.5751080496400887,-0.8741153508583253,0.5027107745925933,0.24,ns
1149,0.24576607372685774,0.39223067060652245,-0.3625984012399255,-0.14222221407918886,0.624,ns
1154,0.09637093502980665,-0.984109242227769,-0.5991662826410236,0.5896450763782869,0.57,ns
1156,0.13815465887712858,-0.5991662826410236,-0.29593928581062323,0.17731684176659054,0.7,ns
1159,0.1726666398183389,-0.2812160651531117,0.11202689071483553,-0.031503761398163715,0.865,ns
1162,0.24119128618046962,0.3500843012684985,-0.2812160651531117,-0.09844932967460365,0.8,ns
1163,0.10269216841772091,-0.9258733057307345,0.4294959336407984,-0.3976588198779142,0.248,ns
1164,0.31557025261546107,1.0353190490164283,-0.2579299530297771,-0.2670397936836409,0.595,ns
1166,0.20072891531535625,-0.02268536496869462,0.6966249130008186,-0.015803190397708708,0.07,ns
1167,0.33161572993456767,1.183142003949029,-0.06541007296501777,-0.07738940480628334,0.825,ns
1168,0.18544188257254793,-0.16352096039859515,-0.12505341932109582,0.02044885522851382,0.826,ns
1172,0.20755387576823484,0.04019128253628754,-0.14201371649598768,-0.005707713403718479,0.788,ns
1173,0.20436550629669897,0.010817634914219328,-0.37780736500016193,-0.0040869821424749575,0.478,ns
