hour,I_distance_5km
0,0.08563125153243287
1,0.08875317885217326
2,0.09015656140231938
3,0.08735728125986243
4,0.08597451418549112
5,0.08598056703647575
6,0.09370303044812228
7,0.07498007372220457
8,0.048184422458595014
9,0.05162470300174142
10,0.05480413927854618
11,0.05216406842685685
12,0.04136140076400278
13,0.04056879780673599
14,0.04544505266843599
15,0.043445035412024824
16,0.040468512135802374
17,0.04411225085735201
18,0.045088800658892744
19,0.04108145629181239
20,0.05989817753900421
21,0.06879497256116382
22,0.07244004714137743
23,0.07496913277087837
