hour,I_adjacency
0,0.07334860384802927
1,0.07997965865185624
2,0.09585624909092762
3,0.10004064826416714
4,0.09862922032388884
5,0.09598170096871704
6,0.09010445007066627
7,0.06335444773543972
8,0.07071385749577845
9,0.1034957316235437
10,0.11612440254298466
11,0.11243569257203773
12,0.08644120266893664
13,0.07968044948569056
14,0.09466346205985413
15,0.0896657032245808
16,0.08067487809305664
17,0.07554341323039016
18,0.054413388440989086
19,0.03585138017644201
20,0.05481470860973021
21,0.06904680631660708
22,0.07592988299153086
23,0.08394591633955216
