hour,p10,p25,p50,p75,p90,type
0,1.2725,1.4499999999999997,1.5633333333333335,1.7,1.7674999999999998,TOU
1,1.275,1.457142857142857,1.5681944444444442,1.705,1.77,TOU
2,1.275,1.457142857142857,1.5688888888888886,1.7057142857142855,1.77,TOU
3,1.275,1.457142857142857,1.5688888888888886,1.7057142857142855,1.77,TOU
4,1.275,1.457142857142857,1.5688888888888886,1.7057142857142855,1.77,TOU
5,1.275,1.457142857142857,1.5688888888888886,1.7057142857142855,1.77,TOU
6,1.275,1.457142857142857,1.5688888888888886,1.705,1.77,TOU
7,1.285,1.49,1.6214285714285714,1.7428571428571429,1.842,TOU
8,1.4,1.5616666666666665,1.7,1.7800000000000002,1.8674999999999997,TOU
9,1.385,1.5294736842105259,1.6566666666666667,1.754285714285714,1.80625,TOU
10,1.4245000000000003,1.5325,1.658,1.75,1.80625,TOU
11,1.383333333333333,1.492,1.6257142857142854,1.7349999999999999,1.8,TOU
12,1.42,1.565,1.7,1.782,1.8674999999999997,TOU
13,1.4,1.565,1.704,1.7839999999999998,1.8674999999999997,TOU
14,1.4,1.5325,1.658,1.7560000000000002,1.8199999999999998,TOU
15,1.4,1.5216666666666667,1.6466666666666665,1.7499999999999996,1.79,TOU
16,1.4,1.5215789473684207,1.6466666666666665,1.7499999999999996,1.79,TOU
17,1.3800000000000001,1.5133333333333332,1.645,1.7631249999999994,1.8533333333333333,TOU
18,1.38,1.512,1.642,1.7618749999999999,1.8533333333333333,TOU
19,1.2799999999999998,1.46,1.5714285714285712,1.706,1.7799999999999998,TOU
20,1.275,1.457142857142857,1.5688888888888886,1.705714285714286,1.77,TOU
21,1.18,1.37,1.5274999999999999,1.6778571428571427,1.72,TOU
22,1.17,1.365,1.5225,1.6762499999999998,1.71625,TOU
23,1.17,1.365,1.5225,1.67625,1.71625,TOU
0,1.4800000000000002,1.605,1.72,1.82,1.96,fixed
1,1.4800000000000002,1.605,1.72,1.82,1.96,fixed
2,1.4800000000000002,1.605,1.72,1.82,1.96,fixed
3,1.4800000000000002,1.605,1.72,1.82,1.96,fixed
4,1.4800000000000002,1.605,1.72,1.82,1.96,fixed
5,1.4800000000000002,1.605,1.72,1.82,1.96,fixed
6,1.4800000000000002,1.605,1.72,1.82,1.96,fixed
7,1.4800000000000002,1.605,1.72,1.82,1.96,fixed
8,1.4800000000000002,1.605,1.72,1.82,1.96,fixed
9,1.4800000000000002,1.605,1.72,1.82,1.96,fixed
10,1.4800000000000002,1.605,1.72,1.82,1.96,fixed
11,1.4800000000000002,1.605,1.72,1.82,1.96,fixed
12,1.4800000000000002,1.605,1.72,1.82,1.96,fixed
13,1.4800000000000002,1.605,1.72,1.82,1.96,fixed
14,1.4800000000000002,1.605,1.72,1.82,1.96,fixed
15,1.4800000000000002,1.605,1.72,1.82,1.96,fixed
16,1.4800000000000002,1.605,1.72,1.82,1.96,fixed
17,1.4800000000000002,1.605,1.72,1.82,1.96,fixed
18,1.4800000000000002,1.605,1.72,1.82,1.96,fixed
19,1.4800000000000002,1.605,1.72,1.82,1.96,fixed
20,1.4800000000000002,1.605,1.72,1.82,1.96,fixed
21,1.4800000000000002,1.605,1.72,1.82,1.96,fixed
22,1.4800000000000002,1.605,1.72,1.82,1.96,fixed
23,1.4800000000000002,1.605,1.72,1.82,1.96,fixed
