hour,e,s
0,0.7390423972936979,0.8054458614274177
1,0.724033701079007,0.8263566273669457
2,0.7238698023517679,0.8265917850396874
3,0.7238769113555035,0.8266616436221075
4,0.7238902623611858,0.826647202841197
5,0.7238721696679115,0.826634902663757
6,0.723880367195935,0.8266276087167983
7,0.7795265882858559,0.8122329150550675
8,0.8966768440647218,0.7691825141346881
9,0.947398111120189,0.6829008018305177
10,1.0319672783908056,0.6049684699607922
11,1.0372046236823982,0.5688357293659083
12,0.9138997127639992,0.7553715909642491
13,0.9068141906082758,0.7644703426207572
14,1.0308459774306686,0.6079294873819765
15,1.047157805442008,0.5789422355068204
16,1.0476033007812238,0.5779152789379447
17,0.995923218222099,0.6296163754730268
18,0.9950286092915948,0.6278235774416422
19,0.9546489961190555,0.5994602999685679
20,0.9507943270051851,0.5985463056657641
21,0.9089909816459425,0.5858846951094081
22,0.9066138296913855,0.5848150576134372
23,0.8522487618165799,0.6391626211729264
