dir,k,tou,tou_se,fixed,diff,diff_se,n_events,mean_x
down,-6,0.3443997540943663,0.0269330710574224,0.04562204993071635,0.2987777041636499,0.026078657666340255,875,-0.09920986065625115
down,-5,0.11572864709026522,0.01982167301047032,0.02501113096093634,0.09071751612932888,0.018167107740004334,875,-0.09920986065625115
down,-4,0.03916878826088587,0.0183533262159445,-0.006368056173807313,0.04553684443469318,0.016965148091716366,875,-0.09920986065625115
down,-3,-0.009792160066820094,0.014078500967562885,-0.032699286024811564,0.022907125957991475,0.013424567550486575,875,-0.09920986065625115
down,-2,-0.03684518793047032,0.004945239838899054,-0.044419623918004074,0.007574435987533755,0.006496208068115168,875,-0.09920986065625115
down,-1,0.0,0.0,0.0,0.0,0.0,875,-0.09920986065625115
down,0,0.227407316354367,0.0244375813344074,0.08780182668729075,0.13960548966707628,0.0229191851934167,875,-0.09920986065625115
down,1,0.30586108287364255,0.027137502670036437,0.1424049494763087,0.1634561333973339,0.025452928995611225,875,-0.09920986065625115
down,2,0.30659344884787526,0.02752579053760225,0.17663994548642356,0.12995350336145167,0.025863733955567007,875,-0.09920986065625115
down,3,0.3305178531329517,0.027988474164327818,0.19807222686499318,0.13244562626795847,0.02621500491500881,875,-0.09920986065625115
down,4,0.3817130321866441,0.03112827846734634,0.20903304179798804,0.17267999038865603,0.029486485526586198,875,-0.09920986065625115
down,5,0.8019719779166082,0.03342458394345874,0.2318379382855777,0.5701340396310306,0.032451390235848684,875,-0.09920986065625115
up,-6,-0.11828746526055099,0.012579314026410025,0.037351276588751495,-0.1556387418493025,0.012638199311626068,1061,0.08183807943241224
up,-5,-0.15549453511540898,0.013528144185129515,0.040618473017127656,-0.19611300813253665,0.013678446445605173,1061,0.08183807943241224
up,-4,-0.15064821111526142,0.013989484819604265,0.043397935791359844,-0.19404614690662125,0.014186848619013601,1061,0.08183807943241224
up,-3,-0.09059667603121777,0.012372093451902776,0.04395824816048996,-0.1345549241917077,0.012574011030833368,1061,0.08183807943241224
up,-2,0.032870161001377254,0.007753173142910294,0.05545885853250874,-0.022588697531131484,0.007382535826606277,1061,0.08183807943241224
up,-1,0.0,0.0,0.0,0.0,0.0,1061,0.08183807943241224
up,0,-0.3582764093703758,0.011885080635008228,-0.032003124081695596,-0.3262732852886802,0.011757145526252974,1061,0.08183807943241224
up,1,-0.6780372676958044,0.02057905889646783,-0.0466784119968189,-0.6313588556989856,0.020169253344829115,1061,0.08183807943241224
up,2,-0.8164842597515473,0.02388509340838847,-0.08861030213109351,-0.7278739576204537,0.022949473852306494,1061,0.08183807943241224
up,3,-0.8249219524539871,0.024727582564180086,-0.09080774774422214,-0.7341142047097651,0.02399325301942403,1061,0.08183807943241224
up,4,-0.4521070981615177,0.016606257281088867,-0.0867538124612264,-0.36535328570029124,0.015063994436840204,1061,0.08183807943241224
up,5,-0.4445991571432686,0.016011868452518237,-0.09615047113502452,-0.348448686008244,0.01446261364256643,1061,0.08183807943241224
