T_mid,mean,se,count
9.0,0.0020098303457862475,0.0036928338005590053,24
11.0,0.007083213466939655,0.0015467483091557255,87
13.0,-5.9625539919720335e-05,0.0015647743347390664,213
15.0,0.0013956137845380955,0.001532070883456524,228
17.0,0.00612790060765997,0.0011229910591644856,184
19.0,-0.00870127409703247,0.0024332987861285316,186
21.0,0.0012415110423547725,0.0012092044449692398,234
23.0,-0.0020285452721592523,0.0012603356943120326,483
25.0,0.0017953348723672366,0.001472248269519539,267
27.0,0.010056116368684781,0.0008847669846948175,521
29.0,0.006870367207066727,0.0011501062996395585,363
31.0,0.010125445851257344,0.0008623336940319878,165
33.0,0.017083848117411794,0.0017906256648776418,78
35.0,0.026174639667969228,0.004660570102841125,15
