level,key,beta,se,n_events,n_zones
cell,"(0, 0)",0.5988087665288131,1.229679689954537,425,8
cell,"(0, 1)",-1.9258224283083385,1.2407568795166968,207,4
cell,"(0, 2)",0.8914726859077303,1.1932569715854855,145,7
cell,"(0, 3)",-2.0167121578650806,1.2329872582635022,79,5
cell,"(1, 0)",-1.489383752179792,0.7861147368021298,2080,32
cell,"(1, 1)",-0.2702014987640693,0.3313730921118195,1239,26
cell,"(1, 2)",-2.7207373971014577,0.45874836482458614,723,30
cell,"(1, 3)",-0.40033948569075606,0.33263449946251966,417,24
cell,"(2, 0)",-0.4365859166552466,0.7669081321625645,2917,43
cell,"(2, 1)",-0.10873761667631048,0.2446861917762891,977,18
cell,"(2, 2)",-0.4347683657026141,0.9943770476440195,1012,41
cell,"(2, 3)",0.022659992550245294,0.2540165626109697,346,21
context,0,-1.037085288747282,0.6110680435152757,5422,83
context,1,-0.21594587904770587,0.23213712684652146,2423,48
context,2,-1.199932214093464,0.5773382544492405,1880,78
context,3,-0.2342800481197548,0.23437386915026356,842,50
city,all,-0.976978062616467,0.5122635656781965,10567,89
