rho,variation,seed,design,beta_hat,se,truth,n_events
0.0,无跨日变动,0,A,-0.27862817740533063,0.3276459088678873,-0.8,4113
0.0,无跨日变动,0,B,,,-0.8,4113
0.0,无跨日变动,0,C,-0.3982074393367694,0.2166452437338711,-0.8,4113
0.0,无跨日变动,0,D,,,-0.8,4113
0.0,无跨日变动,1,A,-0.8763839152996434,0.12344588864170909,-0.8,5070
0.0,无跨日变动,1,B,,,-0.8,5070
0.0,无跨日变动,1,C,-0.6943597441711572,0.13451159317504907,-0.8,5070
0.0,无跨日变动,1,D,,,-0.8,5070
0.0,无跨日变动,2,A,-0.7069685495274317,0.2008350187560501,-0.8,4885
0.0,无跨日变动,2,B,,,-0.8,4885
0.0,无跨日变动,2,C,-0.5900937000642745,0.2637443844570601,-0.8,4885
0.0,无跨日变动,2,D,,,-0.8,4885
0.0,无跨日变动,3,A,-0.5031899426070455,0.16882266680991406,-0.8,5813
0.0,无跨日变动,3,B,,,-0.8,5813
0.0,无跨日变动,3,C,-0.5653224705057247,0.17705103893232083,-0.8,5813
0.0,无跨日变动,3,D,,,-0.8,5813
0.0,无跨日变动,4,A,-0.9080162517624656,0.22198831957766274,-0.8,4822
0.0,无跨日变动,4,B,,,-0.8,4822
0.0,无跨日变动,4,C,-0.9688068235703077,0.20157575670963054,-0.8,4822
0.0,无跨日变动,4,D,,,-0.8,4822
0.0,20%不执行+20%平移,0,A,-0.3132204517532024,0.28811686634547506,-0.8,3459
0.0,20%不执行+20%平移,0,B,-0.6908364314309529,0.0498973789748831,-0.8,3459
0.0,20%不执行+20%平移,0,C,-0.24432218842837686,0.27074794423216353,-0.8,3459
0.0,20%不执行+20%平移,0,D,-0.6905002539101318,0.04951750839166815,-0.8,3459
0.0,20%不执行+20%平移,1,A,-0.8293023444924225,0.1181569730729132,-0.8,4144
0.0,20%不执行+20%平移,1,B,-0.6137626387667829,0.03638514104751493,-0.8,4144
0.0,20%不执行+20%平移,1,C,-0.8346963783228712,0.1298741181918087,-0.8,4144
0.0,20%不执行+20%平移,1,D,-0.6208611451066484,0.036727104632135216,-0.8,4144
0.0,20%不执行+20%平移,2,A,-0.6867845471524298,0.1670947213398204,-0.8,4206
0.0,20%不执行+20%平移,2,B,-0.629021821713647,0.03540608468005141,-0.8,4206
0.0,20%不执行+20%平移,2,C,-0.6629784144196605,0.15999315493396388,-0.8,4206
0.0,20%不执行+20%平移,2,D,-0.6343472263905438,0.038349329232050006,-0.8,4206
0.0,20%不执行+20%平移,3,A,-0.5059955516281065,0.1605873501018433,-0.8,4633
0.0,20%不执行+20%平移,3,B,-0.7212154696285275,0.03903745318199695,-0.8,4633
0.0,20%不执行+20%平移,3,C,-0.5232025398376068,0.1695024220984079,-0.8,4633
0.0,20%不执行+20%平移,3,D,-0.7198708338562384,0.041538547762481344,-0.8,4633
0.0,20%不执行+20%平移,4,A,-0.8860964741797412,0.1811064008294741,-0.8,3989
0.0,20%不执行+20%平移,4,B,-0.7414733986498276,0.043395209252694085,-0.8,3989
0.0,20%不执行+20%平移,4,C,-0.887107816772191,0.1769720082331816,-0.8,3989
0.0,20%不执行+20%平移,4,D,-0.724255151519347,0.04327347019228267,-0.8,3989
0.5,无跨日变动,0,A,0.709176126102999,0.2546024065299853,-0.8,5403
0.5,无跨日变动,0,B,,,-0.8,5403
0.5,无跨日变动,0,C,0.7787654627813835,0.2756156840086502,-0.8,5403
0.5,无跨日变动,0,D,,,-0.8,5403
0.5,无跨日变动,1,A,0.9686814828000174,0.33970832493820835,-0.8,6179
0.5,无跨日变动,1,B,,,-0.8,6179
0.5,无跨日变动,1,C,1.4017850572644655,0.381822277083582,-0.8,6179
0.5,无跨日变动,1,D,,,-0.8,6179
0.5,无跨日变动,2,A,0.7180817626077057,0.3532545232875356,-0.8,5017
0.5,无跨日变动,2,B,,,-0.8,5017
0.5,无跨日变动,2,C,1.2909980071563303,0.4703151578605129,-0.8,5017
0.5,无跨日变动,2,D,,,-0.8,5017
0.5,无跨日变动,3,A,0.5927816412263314,0.21945092770385996,-0.8,5435
0.5,无跨日变动,3,B,,,-0.8,5435
0.5,无跨日变动,3,C,0.7646132942924406,0.3048170877583491,-0.8,5435
0.5,无跨日变动,3,D,,,-0.8,5435
0.5,无跨日变动,4,A,0.6943330070237768,0.2698891889363777,-0.8,4565
0.5,无跨日变动,4,B,,,-0.8,4565
0.5,无跨日变动,4,C,0.986949744347012,0.43755114147571905,-0.8,4565
0.5,无跨日变动,4,D,,,-0.8,4565
0.5,20%不执行+20%平移,0,A,0.5101960709534451,0.21387318988023743,-0.8,4892
0.5,20%不执行+20%平移,0,B,-0.7278650421273897,0.043072744755312434,-0.8,4892
0.5,20%不执行+20%平移,0,C,0.4832946800016728,0.24933751710699648,-0.8,4892
0.5,20%不执行+20%平移,0,D,-0.7248684011766326,0.04478439954618275,-0.8,4892
0.5,20%不执行+20%平移,1,A,0.7538513530376199,0.283049579427109,-0.8,5422
0.5,20%不执行+20%平移,1,B,-0.7107295025470898,0.05091922869397237,-0.8,5422
0.5,20%不执行+20%平移,1,C,0.917948563458242,0.29154960480018294,-0.8,5422
0.5,20%不执行+20%平移,1,D,-0.6988893989211938,0.050299373759722765,-0.8,5422
0.5,20%不执行+20%平移,2,A,0.5386084814755264,0.2827534958523014,-0.8,4511
0.5,20%不执行+20%平移,2,B,-0.7764808744427043,0.045496323744103236,-0.8,4511
0.5,20%不执行+20%平移,2,C,0.6841474261040935,0.3438358982865462,-0.8,4511
0.5,20%不执行+20%平移,2,D,-0.7701076707235686,0.04760080513955489,-0.8,4511
0.5,20%不执行+20%平移,3,A,0.4390898524803717,0.18657190702866921,-0.8,5029
0.5,20%不执行+20%平移,3,B,-0.7277372374280516,0.0395421053524956,-0.8,5029
0.5,20%不执行+20%平移,3,C,0.4182232954842198,0.24324922167093246,-0.8,5029
0.5,20%不执行+20%平移,3,D,-0.7581527358224398,0.038888600894322035,-0.8,5029
0.5,20%不执行+20%平移,4,A,0.4727831768311711,0.21964690269226292,-0.8,4240
0.5,20%不执行+20%平移,4,B,-0.6399324114370739,0.06586744024198286,-0.8,4240
0.5,20%不执行+20%平移,4,C,0.4203812714834032,0.2803721820831889,-0.8,4240
0.5,20%不执行+20%平移,4,D,-0.6210790063429718,0.06514594228221383,-0.8,4240
1.0,无跨日变动,0,A,1.0978955961108239,0.31346200404879626,-0.8,11017
1.0,无跨日变动,0,B,,,-0.8,11017
1.0,无跨日变动,0,C,1.563957038171558,0.4749380920465661,-0.8,11017
1.0,无跨日变动,0,D,,,-0.8,11017
1.0,无跨日变动,1,A,1.38900765402801,0.3652671362923777,-0.8,11226
1.0,无跨日变动,1,B,,,-0.8,11226
1.0,无跨日变动,1,C,1.9765759662653462,0.4852597278161058,-0.8,11226
1.0,无跨日变动,1,D,,,-0.8,11226
1.0,无跨日变动,2,A,1.3599738599859241,0.33815959417044533,-0.8,10732
1.0,无跨日变动,2,B,,,-0.8,10732
1.0,无跨日变动,2,C,2.1248576203568312,0.5096091008568953,-0.8,10732
1.0,无跨日变动,2,D,,,-0.8,10732
1.0,无跨日变动,3,A,1.057472851422753,0.2721088308129168,-0.8,11090
1.0,无跨日变动,3,B,,,-0.8,11090
1.0,无跨日变动,3,C,1.4251310324522473,0.34380927503945297,-0.8,11090
1.0,无跨日变动,3,D,,,-0.8,11090
1.0,无跨日变动,4,A,1.1490131119844285,0.27785751939821596,-0.8,10737
1.0,无跨日变动,4,B,,,-0.8,10737
1.0,无跨日变动,4,C,1.5598220201722366,0.3739237839185592,-0.8,10737
1.0,无跨日变动,4,D,,,-0.8,10737
1.0,20%不执行+20%平移,0,A,0.7235755966335616,0.24831577961647522,-0.8,9815
1.0,20%不执行+20%平移,0,B,-0.7381015290732885,0.03019745314814185,-0.8,9815
1.0,20%不执行+20%平移,0,C,0.7072586360354376,0.3342056385362118,-0.8,9815
1.0,20%不执行+20%平移,0,D,-0.737663855055578,0.030389640020781643,-0.8,9815
1.0,20%不执行+20%平移,1,A,0.9699704311044817,0.3017249747264405,-0.8,10144
1.0,20%不执行+20%平移,1,B,-0.6893382879614314,0.02887393109889983,-0.8,10144
1.0,20%不执行+20%平移,1,C,1.136574944198298,0.33891111695533366,-0.8,10144
1.0,20%不执行+20%平移,1,D,-0.6805360744082293,0.028673569110240434,-0.8,10144
1.0,20%不执行+20%平移,2,A,0.965379222922218,0.28924175611287817,-0.8,9752
1.0,20%不执行+20%平移,2,B,-0.7397274205784576,0.024616525028338745,-0.8,9752
1.0,20%不执行+20%平移,2,C,1.1287331146899904,0.3741261437144788,-0.8,9752
1.0,20%不执行+20%平移,2,D,-0.7385822172669813,0.02581642037427682,-0.8,9752
1.0,20%不执行+20%平移,3,A,0.7340414251310089,0.23024778268362173,-0.8,9898
1.0,20%不执行+20%平移,3,B,-0.7015843461392162,0.034240785147936326,-0.8,9898
1.0,20%不执行+20%平移,3,C,0.7311621015033759,0.28804566472524895,-0.8,9898
1.0,20%不执行+20%平移,3,D,-0.7128729633172589,0.035540083624680564,-0.8,9898
1.0,20%不执行+20%平移,4,A,0.7900423146986022,0.23160344168497224,-0.8,9663
1.0,20%不执行+20%平移,4,B,-0.660544184568131,0.036132483505189876,-0.8,9663
1.0,20%不执行+20%平移,4,C,0.8097498997150104,0.30293415814714736,-0.8,9663
1.0,20%不执行+20%平移,4,D,-0.6575805562191953,0.03566682984872139,-0.8,9663
